receiving_id,po_id,sku_id,employee_id,received_qty,damaged_qty,received_at,putaway_at,location_code,notes,created_at
1,1,474,29,328,3,2023-02-10 01:00:00,2023-02-10 05:00:00,D-03-02,,2023-02-10 01:00:00
2,2,337,35,58,0,2023-01-26 01:00:00,2023-01-26 02:00:00,D-14-01,,2023-01-26 01:00:00
3,3,301,31,89,2,2023-03-24 03:00:00,2023-03-24 07:00:00,A-16-02,,2023-03-24 03:00:00
4,4,84,27,364,5,2023-10-22 02:00:00,2023-10-22 04:00:00,E-20-04,,2023-10-22 02:00:00
5,5,277,27,454,7,2023-06-25 01:00:00,2023-06-25 02:00:00,A-13-03,,2023-06-25 01:00:00
6,6,371,27,77,0,2023-02-14 04:00:00,2023-02-14 05:00:00,C-20-04,,2023-02-14 04:00:00
7,7,224,35,359,0,2023-05-04 01:00:00,2023-05-04 06:00:00,D-13-01,,2023-05-04 01:00:00
8,8,315,35,65,0,2023-12-01 01:00:00,2023-12-01 09:00:00,D-15-04,,2023-12-01 01:00:00
9,9,140,29,333,3,2023-08-21 01:00:00,2023-08-21 09:00:00,E-11-05,,2023-08-21 01:00:00
10,10,222,30,93,0,2023-04-14 01:00:00,2023-04-14 05:00:00,E-05-05,,2023-04-14 01:00:00
11,11,317,26,92,1,2023-07-06 04:00:00,2023-07-06 07:00:00,B-05-01,,2023-07-06 04:00:00
12,12,79,28,428,7,2023-07-18 03:00:00,2023-07-18 08:00:00,E-18-02,,2023-07-18 03:00:00
13,13,163,28,207,3,2023-07-09 03:00:00,2023-07-09 09:00:00,A-17-05,,2023-07-09 03:00:00
14,14,185,29,145,2,2023-06-12 01:00:00,2023-06-12 08:00:00,C-07-02,,2023-06-12 01:00:00
15,15,230,35,102,1,2023-10-21 04:00:00,2023-10-21 12:00:00,E-11-05,,2023-10-21 04:00:00
16,16,46,29,413,5,2023-07-03 02:00:00,2023-07-03 04:00:00,D-02-04,,2023-07-03 02:00:00
17,17,7,32,357,7,2023-06-04 04:00:00,2023-06-04 08:00:00,B-16-03,,2023-06-04 04:00:00
18,18,287,26,400,2,2023-05-11 01:00:00,2023-05-11 07:00:00,A-03-03,,2023-05-11 01:00:00
19,19,87,26,302,1,2023-03-20 04:00:00,2023-03-20 08:00:00,E-12-01,,2023-03-20 04:00:00
20,20,33,29,203,1,2023-04-21 02:00:00,2023-04-21 07:00:00,B-11-05,,2023-04-21 02:00:00
21,21,401,27,419,0,2023-03-06 03:00:00,2023-03-06 05:00:00,A-05-04,,2023-03-06 03:00:00
22,22,254,34,104,0,2023-11-04 04:00:00,2023-11-04 08:00:00,C-12-02,,2023-11-04 04:00:00
23,23,156,29,474,12,2023-02-10 01:00:00,2023-02-10 03:00:00,B-05-02,,2023-02-10 01:00:00
24,24,195,35,467,9,2023-06-28 03:00:00,2023-06-28 10:00:00,B-02-05,,2023-06-28 03:00:00
25,25,441,28,203,3,2023-12-17 02:00:00,2023-12-17 08:00:00,B-02-03,,2023-12-17 02:00:00
26,26,309,28,136,3,2023-12-25 02:00:00,2023-12-25 04:00:00,D-20-01,,2023-12-25 02:00:00
27,27,496,31,344,7,2023-06-21 03:00:00,2023-06-21 11:00:00,E-15-02,,2023-06-21 03:00:00
28,28,125,32,236,3,2023-07-17 04:00:00,2023-07-17 12:00:00,D-09-05,,2023-07-17 04:00:00
29,29,478,29,399,9,2023-10-20 01:00:00,2023-10-20 05:00:00,B-07-04,,2023-10-20 01:00:00
30,30,282,27,412,3,2023-03-02 04:00:00,2023-03-02 07:00:00,C-09-05,,2023-03-02 04:00:00
31,31,225,33,469,1,2023-06-05 04:00:00,2023-06-05 10:00:00,B-19-01,,2023-06-05 04:00:00
32,32,408,33,374,3,2023-08-07 04:00:00,2023-08-07 12:00:00,D-14-03,,2023-08-07 04:00:00
33,33,124,31,454,5,2023-05-16 02:00:00,2023-05-16 10:00:00,B-09-01,,2023-05-16 02:00:00
34,34,38,27,248,3,2023-09-12 01:00:00,2023-09-12 06:00:00,B-04-01,,2023-09-12 01:00:00
35,35,274,30,328,5,2023-10-10 03:00:00,2023-10-10 07:00:00,C-09-03,,2023-10-10 03:00:00
36,36,405,31,105,1,2023-07-04 02:00:00,2023-07-04 07:00:00,A-10-03,,2023-07-04 02:00:00
37,37,128,32,381,4,2024-01-01 04:00:00,2024-01-01 05:00:00,D-17-02,,2024-01-01 04:00:00
38,38,23,34,435,9,2023-11-09 02:00:00,2023-11-09 10:00:00,B-17-05,,2023-11-09 02:00:00
39,39,495,32,182,3,2023-08-10 04:00:00,2023-08-10 10:00:00,A-11-02,,2023-08-10 04:00:00
40,40,262,31,278,5,2023-09-30 02:00:00,2023-09-30 10:00:00,D-18-01,,2023-09-30 02:00:00
41,41,201,29,226,5,2023-08-28 03:00:00,2023-08-28 04:00:00,D-12-03,,2023-08-28 03:00:00
42,42,248,35,109,2,2023-02-23 04:00:00,2023-02-23 09:00:00,C-19-01,,2023-02-23 04:00:00
43,43,482,35,283,7,2023-03-24 02:00:00,2023-03-24 08:00:00,E-20-05,,2023-03-24 02:00:00
44,44,106,33,97,0,2023-10-25 04:00:00,2023-10-25 06:00:00,E-13-02,,2023-10-25 04:00:00
45,45,370,34,203,3,2024-01-16 04:00:00,2024-01-16 09:00:00,A-06-01,,2024-01-16 04:00:00
46,46,415,32,381,9,2024-01-01 04:00:00,2024-01-01 05:00:00,B-07-01,,2024-01-01 04:00:00
47,47,347,26,314,2,2023-04-10 01:00:00,2023-04-10 09:00:00,A-12-05,,2023-04-10 01:00:00
48,48,283,34,286,7,2023-04-17 04:00:00,2023-04-17 11:00:00,B-04-02,,2023-04-17 04:00:00
49,49,409,32,377,8,2023-08-03 04:00:00,2023-08-03 08:00:00,B-07-03,,2023-08-03 04:00:00
50,50,222,29,240,1,2023-07-23 03:00:00,2023-07-23 07:00:00,E-15-03,,2023-07-23 03:00:00
51,51,220,31,155,0,2023-07-27 01:00:00,2023-07-27 08:00:00,E-08-05,,2023-07-27 01:00:00
52,52,386,30,325,4,2023-12-30 01:00:00,2023-12-30 03:00:00,C-15-03,,2023-12-30 01:00:00
53,53,410,32,150,3,2023-10-07 02:00:00,2023-10-07 09:00:00,B-06-05,,2023-10-07 02:00:00
54,54,59,28,320,8,2023-06-11 02:00:00,2023-06-11 04:00:00,D-02-02,,2023-06-11 02:00:00
55,55,161,34,350,6,2023-11-05 03:00:00,2023-11-05 05:00:00,B-16-04,,2023-11-05 03:00:00
56,56,179,30,466,5,2023-07-04 01:00:00,2023-07-04 07:00:00,D-15-02,,2023-07-04 01:00:00
57,57,362,32,394,0,2023-06-02 01:00:00,2023-06-02 03:00:00,D-13-03,,2023-06-02 01:00:00
58,58,161,33,107,0,2023-03-24 01:00:00,2023-03-24 04:00:00,C-15-04,,2023-03-24 01:00:00
59,59,356,28,355,5,2023-03-18 02:00:00,2023-03-18 10:00:00,B-16-03,,2023-03-18 02:00:00
60,60,295,32,375,0,2023-08-10 01:00:00,2023-08-10 04:00:00,C-04-05,,2023-08-10 01:00:00
61,61,356,28,334,6,2023-12-18 01:00:00,2023-12-18 06:00:00,B-15-03,,2023-12-18 01:00:00
62,62,251,32,481,0,2023-06-21 02:00:00,2023-06-21 10:00:00,A-17-01,,2023-06-21 02:00:00
63,63,318,31,298,3,2023-02-26 01:00:00,2023-02-26 02:00:00,D-07-02,,2023-02-26 01:00:00
64,64,100,29,260,0,2023-08-28 01:00:00,2023-08-28 02:00:00,C-07-01,,2023-08-28 01:00:00
65,65,210,27,191,4,2024-01-13 02:00:00,2024-01-13 05:00:00,A-14-05,,2024-01-13 02:00:00
66,66,43,29,144,2,2023-11-09 02:00:00,2023-11-09 09:00:00,D-04-02,,2023-11-09 02:00:00
67,67,141,29,449,4,2023-04-27 01:00:00,2023-04-27 08:00:00,C-01-04,,2023-04-27 01:00:00
68,68,290,32,343,0,2023-10-05 03:00:00,2023-10-05 09:00:00,A-03-02,,2023-10-05 03:00:00
69,69,138,31,327,5,2023-10-11 01:00:00,2023-10-11 04:00:00,C-04-05,,2023-10-11 01:00:00
70,70,388,27,286,5,2023-02-02 02:00:00,2023-02-02 08:00:00,B-11-04,,2023-02-02 02:00:00
71,71,218,35,202,3,2023-03-01 04:00:00,2023-03-01 11:00:00,E-08-05,,2023-03-01 04:00:00
72,72,17,29,274,0,2023-08-27 01:00:00,2023-08-27 03:00:00,C-08-04,,2023-08-27 01:00:00
73,73,61,32,490,0,2023-05-12 03:00:00,2023-05-12 11:00:00,C-07-02,,2023-05-12 03:00:00
74,74,313,26,451,0,2023-11-23 04:00:00,2023-11-23 10:00:00,B-09-03,,2023-11-23 04:00:00
75,75,417,29,322,9,2023-04-24 03:00:00,2023-04-24 04:00:00,B-11-03,,2023-04-24 03:00:00
76,76,306,31,198,0,2023-10-08 02:00:00,2023-10-08 06:00:00,E-13-05,,2023-10-08 02:00:00
77,77,137,28,119,2,2023-10-06 01:00:00,2023-10-06 09:00:00,A-07-01,,2023-10-06 01:00:00
78,78,403,33,319,1,2023-09-09 02:00:00,2023-09-09 06:00:00,E-03-04,,2023-09-09 02:00:00
79,79,65,30,124,2,2023-12-27 02:00:00,2023-12-27 09:00:00,B-20-02,,2023-12-27 02:00:00
80,80,165,32,300,4,2023-05-12 02:00:00,2023-05-12 07:00:00,D-03-03,,2023-05-12 02:00:00
81,81,296,32,242,3,2023-12-15 04:00:00,2023-12-15 11:00:00,B-16-01,,2023-12-15 04:00:00
82,82,39,32,256,0,2023-12-15 03:00:00,2023-12-15 06:00:00,E-06-03,,2023-12-15 03:00:00
83,83,384,33,282,3,2023-06-05 04:00:00,2023-06-05 12:00:00,A-11-02,,2023-06-05 04:00:00
84,84,168,32,424,11,2023-11-18 01:00:00,2023-11-18 02:00:00,E-12-04,,2023-11-18 01:00:00
85,85,326,27,441,12,2023-12-31 03:00:00,2023-12-31 10:00:00,D-10-05,,2023-12-31 03:00:00
86,86,204,32,303,0,2023-05-14 01:00:00,2023-05-14 08:00:00,E-06-02,,2023-05-14 01:00:00
87,87,166,32,305,6,2023-05-30 03:00:00,2023-05-30 11:00:00,C-02-04,,2023-05-30 03:00:00
88,88,249,35,73,0,2023-07-03 01:00:00,2023-07-03 07:00:00,A-05-03,,2023-07-03 01:00:00
89,89,321,26,275,5,2023-08-28 03:00:00,2023-08-28 07:00:00,E-19-02,,2023-08-28 03:00:00
90,90,1,29,382,1,2023-09-02 04:00:00,2023-09-02 11:00:00,E-03-05,,2023-09-02 04:00:00
91,91,82,27,118,1,2023-05-26 03:00:00,2023-05-26 10:00:00,E-10-04,,2023-05-26 03:00:00
92,92,191,30,76,1,2023-12-11 03:00:00,2023-12-11 06:00:00,C-07-04,,2023-12-11 03:00:00
93,93,321,34,269,1,2023-06-12 04:00:00,2023-06-12 05:00:00,A-03-04,,2023-06-12 04:00:00
94,94,47,28,294,2,2023-12-28 04:00:00,2023-12-28 07:00:00,B-12-02,,2023-12-28 04:00:00
95,95,68,29,54,0,2023-11-06 01:00:00,2023-11-06 09:00:00,E-07-02,,2023-11-06 01:00:00
96,96,357,27,405,2,2023-06-28 02:00:00,2023-06-28 07:00:00,D-15-05,,2023-06-28 02:00:00
97,97,245,26,281,2,2023-02-28 04:00:00,2023-02-28 06:00:00,C-03-03,,2023-02-28 04:00:00
98,98,53,35,120,1,2023-03-24 01:00:00,2023-03-24 02:00:00,A-09-01,,2023-03-24 01:00:00
99,99,397,30,85,0,2023-03-16 02:00:00,2023-03-16 03:00:00,D-20-05,,2023-03-16 02:00:00
100,100,289,29,215,2,2023-01-17 04:00:00,2023-01-17 10:00:00,C-11-03,,2023-01-17 04:00:00
101,101,370,33,223,2,2023-04-22 01:00:00,2023-04-22 07:00:00,C-04-01,,2023-04-22 01:00:00
102,102,352,30,76,1,2023-08-22 02:00:00,2023-08-22 03:00:00,E-04-05,,2023-08-22 02:00:00
103,103,386,26,204,1,2023-03-30 04:00:00,2023-03-30 12:00:00,E-14-02,,2023-03-30 04:00:00
104,104,162,29,172,4,2023-03-18 01:00:00,2023-03-18 07:00:00,A-11-04,,2023-03-18 01:00:00
105,105,308,32,448,5,2023-11-17 01:00:00,2023-11-17 07:00:00,D-16-01,,2023-11-17 01:00:00
106,106,14,30,315,1,2023-12-07 02:00:00,2023-12-07 03:00:00,B-16-01,,2023-12-07 02:00:00
107,107,261,34,375,11,2023-04-16 04:00:00,2023-04-16 07:00:00,D-04-04,,2023-04-16 04:00:00
108,108,402,31,173,1,2023-05-03 01:00:00,2023-05-03 03:00:00,D-01-02,,2023-05-03 01:00:00
109,109,327,33,210,1,2023-11-25 03:00:00,2023-11-25 11:00:00,A-05-05,,2023-11-25 03:00:00
110,110,163,34,237,4,2023-03-17 02:00:00,2023-03-17 04:00:00,C-13-04,,2023-03-17 02:00:00
111,111,350,27,44,0,2023-04-10 03:00:00,2023-04-10 05:00:00,C-03-01,,2023-04-10 03:00:00
112,112,35,31,80,1,2023-01-15 02:00:00,2023-01-15 04:00:00,E-12-02,,2023-01-15 02:00:00
113,113,204,31,219,0,2023-10-18 01:00:00,2023-10-18 05:00:00,D-14-03,,2023-10-18 01:00:00
114,114,206,34,192,5,2023-02-15 02:00:00,2023-02-15 06:00:00,A-13-01,,2023-02-15 02:00:00
115,115,159,35,334,8,2023-02-14 03:00:00,2023-02-14 07:00:00,D-15-02,,2023-02-14 03:00:00
116,116,275,30,208,4,2023-07-09 01:00:00,2023-07-09 07:00:00,C-17-01,,2023-07-09 01:00:00
117,117,224,31,238,3,2023-05-05 02:00:00,2023-05-05 10:00:00,C-13-01,,2023-05-05 02:00:00
118,118,233,30,391,8,2023-11-15 02:00:00,2023-11-15 03:00:00,B-16-04,,2023-11-15 02:00:00
119,119,337,31,350,8,2023-04-03 01:00:00,2023-04-03 08:00:00,C-14-04,,2023-04-03 01:00:00
120,120,84,27,314,3,2023-10-03 03:00:00,2023-10-03 08:00:00,B-18-04,,2023-10-03 03:00:00
121,121,422,28,433,9,2023-06-11 01:00:00,2023-06-11 06:00:00,D-06-05,,2023-06-11 01:00:00
122,122,448,31,444,6,2023-06-15 02:00:00,2023-06-15 06:00:00,B-07-01,,2023-06-15 02:00:00
123,123,16,27,318,5,2023-06-28 02:00:00,2023-06-28 09:00:00,D-06-01,,2023-06-28 02:00:00
124,124,135,32,304,4,2024-01-10 01:00:00,2024-01-10 03:00:00,E-11-05,,2024-01-10 01:00:00
125,125,262,30,200,2,2023-07-29 01:00:00,2023-07-29 03:00:00,B-13-04,,2023-07-29 01:00:00
126,126,131,33,166,4,2023-03-24 04:00:00,2023-03-24 06:00:00,D-13-03,,2023-03-24 04:00:00
127,127,261,26,175,0,2023-01-04 01:00:00,2023-01-04 03:00:00,D-17-02,,2023-01-04 01:00:00
128,128,242,32,141,4,2023-07-07 04:00:00,2023-07-07 09:00:00,A-19-02,,2023-07-07 04:00:00
129,129,492,31,164,3,2023-01-27 04:00:00,2023-01-27 09:00:00,E-05-01,,2023-01-27 04:00:00
130,130,128,34,188,5,2023-08-05 02:00:00,2023-08-05 09:00:00,A-13-05,,2023-08-05 02:00:00
131,131,40,35,141,2,2023-10-28 01:00:00,2023-10-28 03:00:00,B-04-02,,2023-10-28 01:00:00
132,132,412,35,85,0,2023-10-15 04:00:00,2023-10-15 10:00:00,A-02-02,,2023-10-15 04:00:00
133,133,239,30,217,1,2023-06-01 03:00:00,2023-06-01 04:00:00,A-04-05,,2023-06-01 03:00:00
134,134,284,34,199,3,2023-08-26 04:00:00,2023-08-26 05:00:00,B-10-01,,2023-08-26 04:00:00
135,135,402,35,205,3,2023-06-13 02:00:00,2023-06-13 10:00:00,C-17-03,,2023-06-13 02:00:00
136,136,303,28,425,2,2023-09-22 01:00:00,2023-09-22 02:00:00,B-02-02,,2023-09-22 01:00:00
137,137,280,28,62,1,2023-05-14 02:00:00,2023-05-14 06:00:00,E-12-03,,2023-05-14 02:00:00
138,138,278,33,221,2,2023-07-03 03:00:00,2023-07-03 08:00:00,D-06-04,,2023-07-03 03:00:00
139,139,389,30,103,0,2023-12-05 04:00:00,2023-12-05 07:00:00,E-07-01,,2023-12-05 04:00:00
140,140,272,32,106,0,2023-05-08 03:00:00,2023-05-08 06:00:00,D-05-03,,2023-05-08 03:00:00
141,141,144,27,482,13,2023-02-20 02:00:00,2023-02-20 04:00:00,C-04-05,,2023-02-20 02:00:00
142,142,212,28,432,5,2024-01-24 03:00:00,2024-01-24 05:00:00,C-11-03,,2024-01-24 03:00:00
143,143,298,28,60,0,2023-02-24 04:00:00,2023-02-24 08:00:00,D-04-01,,2023-02-24 04:00:00
144,144,291,30,171,4,2023-02-09 04:00:00,2023-02-09 06:00:00,E-12-05,,2023-02-09 04:00:00
145,145,134,31,408,7,2023-07-01 01:00:00,2023-07-01 04:00:00,C-13-02,,2023-07-01 01:00:00
146,146,377,26,146,3,2023-06-27 04:00:00,2023-06-27 12:00:00,E-05-03,,2023-06-27 04:00:00
147,147,484,26,129,2,2023-04-17 02:00:00,2023-04-17 05:00:00,D-19-03,,2023-04-17 02:00:00
148,148,85,31,94,1,2023-08-25 02:00:00,2023-08-25 09:00:00,D-06-04,,2023-08-25 02:00:00
149,149,184,27,185,2,2023-05-01 03:00:00,2023-05-01 10:00:00,E-08-03,,2023-05-01 03:00:00
150,150,62,28,358,3,2023-02-26 01:00:00,2023-02-26 03:00:00,A-08-01,,2023-02-26 01:00:00
151,151,357,28,125,0,2023-11-09 03:00:00,2023-11-09 11:00:00,A-14-05,,2023-11-09 03:00:00
152,152,365,26,312,4,2023-05-28 01:00:00,2023-05-28 08:00:00,A-20-02,,2023-05-28 01:00:00
153,153,347,35,65,1,2023-06-04 03:00:00,2023-06-04 07:00:00,E-20-01,,2023-06-04 03:00:00
154,154,438,34,98,0,2023-08-26 02:00:00,2023-08-26 05:00:00,A-12-02,,2023-08-26 02:00:00
155,155,53,31,475,0,2023-04-06 04:00:00,2023-04-06 11:00:00,B-12-01,,2023-04-06 04:00:00
156,156,114,30,167,2,2023-04-08 01:00:00,2023-04-08 06:00:00,C-16-03,,2023-04-08 01:00:00
157,157,323,33,466,10,2023-11-29 04:00:00,2023-11-29 08:00:00,C-17-01,,2023-11-29 04:00:00
158,158,12,27,431,0,2023-02-09 01:00:00,2023-02-09 09:00:00,C-10-03,,2023-02-09 01:00:00
159,159,48,32,75,2,2023-07-14 02:00:00,2023-07-14 09:00:00,C-01-01,,2023-07-14 02:00:00
160,160,474,28,304,0,2023-11-15 02:00:00,2023-11-15 09:00:00,A-16-01,,2023-11-15 02:00:00
161,161,196,32,159,1,2023-12-18 04:00:00,2023-12-18 11:00:00,C-10-03,,2023-12-18 04:00:00
162,162,96,32,54,0,2023-05-27 04:00:00,2023-05-27 12:00:00,B-05-03,,2023-05-27 04:00:00
163,163,318,28,305,8,2023-11-21 02:00:00,2023-11-21 04:00:00,B-10-01,,2023-11-21 02:00:00
164,164,452,27,193,4,2023-10-14 01:00:00,2023-10-14 04:00:00,B-16-03,,2023-10-14 01:00:00
165,165,71,28,372,6,2023-08-09 02:00:00,2023-08-09 08:00:00,D-17-04,,2023-08-09 02:00:00
166,166,279,26,295,0,2023-02-23 01:00:00,2023-02-23 04:00:00,B-12-05,,2023-02-23 01:00:00
167,167,401,33,248,1,2023-09-19 03:00:00,2023-09-19 10:00:00,E-01-04,,2023-09-19 03:00:00
168,168,93,28,65,0,2023-01-18 04:00:00,2023-01-18 08:00:00,E-05-05,,2023-01-18 04:00:00
169,169,416,27,321,7,2023-06-01 03:00:00,2023-06-01 07:00:00,D-07-04,,2023-06-01 03:00:00
170,170,393,27,101,1,2023-11-07 02:00:00,2023-11-07 06:00:00,E-05-02,,2023-11-07 02:00:00
171,171,337,29,441,0,2023-05-10 02:00:00,2023-05-10 05:00:00,D-01-05,,2023-05-10 02:00:00
172,172,295,32,140,0,2023-07-25 04:00:00,2023-07-25 09:00:00,B-08-03,,2023-07-25 04:00:00
173,173,304,30,352,5,2023-06-20 01:00:00,2023-06-20 06:00:00,A-09-03,,2023-06-20 01:00:00
174,174,361,31,296,2,2023-12-26 01:00:00,2023-12-26 04:00:00,A-01-01,,2023-12-26 01:00:00
175,175,429,31,301,4,2023-09-17 01:00:00,2023-09-17 08:00:00,B-09-04,,2023-09-17 01:00:00
176,176,47,35,60,0,2023-01-30 01:00:00,2023-01-30 04:00:00,C-12-03,,2023-01-30 01:00:00
177,177,245,27,462,5,2023-01-13 03:00:00,2023-01-13 07:00:00,E-13-01,,2023-01-13 03:00:00
178,178,175,33,80,1,2023-05-08 01:00:00,2023-05-08 02:00:00,E-07-02,,2023-05-08 01:00:00
179,179,76,28,280,4,2023-10-29 03:00:00,2023-10-29 08:00:00,D-07-05,,2023-10-29 03:00:00
180,180,434,32,241,1,2023-09-30 03:00:00,2023-09-30 09:00:00,C-15-01,,2023-09-30 03:00:00
181,181,483,30,222,2,2023-12-08 01:00:00,2023-12-08 04:00:00,E-09-02,,2023-12-08 01:00:00
182,182,166,27,455,7,2023-04-01 02:00:00,2023-04-01 09:00:00,D-18-05,,2023-04-01 02:00:00
183,183,492,29,412,9,2023-09-08 04:00:00,2023-09-08 11:00:00,D-20-03,,2023-09-08 04:00:00
184,184,356,34,390,1,2023-11-23 02:00:00,2023-11-23 03:00:00,E-15-05,,2023-11-23 02:00:00
185,185,418,29,115,2,2023-04-09 03:00:00,2023-04-09 08:00:00,E-04-02,,2023-04-09 03:00:00
186,186,374,26,250,1,2023-02-15 01:00:00,2023-02-15 04:00:00,C-05-03,,2023-02-15 01:00:00
187,187,395,31,464,3,2023-10-28 02:00:00,2023-10-28 04:00:00,A-12-05,,2023-10-28 02:00:00
188,188,114,31,122,3,2023-12-04 03:00:00,2023-12-04 06:00:00,D-20-03,,2023-12-04 03:00:00
189,189,382,26,113,0,2023-02-12 03:00:00,2023-02-12 07:00:00,C-06-03,,2023-02-12 03:00:00
190,190,454,29,278,8,2023-02-17 01:00:00,2023-02-17 08:00:00,C-20-05,,2023-02-17 01:00:00
191,191,136,31,157,1,2023-04-18 04:00:00,2023-04-18 07:00:00,D-08-04,,2023-04-18 04:00:00
192,192,403,29,247,3,2023-02-28 04:00:00,2023-02-28 07:00:00,D-06-02,,2023-02-28 04:00:00
193,193,376,28,302,8,2023-09-14 02:00:00,2023-09-14 07:00:00,A-10-02,,2023-09-14 02:00:00
194,194,194,32,411,2,2023-07-04 02:00:00,2023-07-04 04:00:00,D-08-04,,2023-07-04 02:00:00
195,195,404,27,133,2,2023-11-17 01:00:00,2023-11-17 03:00:00,D-13-01,,2023-11-17 01:00:00
196,196,38,28,164,3,2023-02-13 01:00:00,2023-02-13 04:00:00,B-03-03,,2023-02-13 01:00:00
197,197,38,29,110,2,2023-07-01 01:00:00,2023-07-01 03:00:00,E-11-01,,2023-07-01 01:00:00
198,198,39,28,223,5,2023-10-10 04:00:00,2023-10-10 07:00:00,C-11-04,,2023-10-10 04:00:00
199,199,315,34,384,6,2023-09-15 03:00:00,2023-09-15 05:00:00,A-02-01,,2023-09-15 03:00:00
200,200,311,29,219,3,2023-09-02 04:00:00,2023-09-02 07:00:00,A-08-01,,2023-09-02 04:00:00
201,201,499,28,388,1,2023-04-16 03:00:00,2023-04-16 07:00:00,D-04-04,,2023-04-16 03:00:00
202,202,153,27,235,6,2023-05-08 03:00:00,2023-05-08 09:00:00,A-20-03,,2023-05-08 03:00:00
203,203,431,32,51,1,2023-09-22 01:00:00,2023-09-22 02:00:00,E-05-02,,2023-09-22 01:00:00
204,204,45,31,152,2,2023-06-08 04:00:00,2023-06-08 07:00:00,C-20-03,,2023-06-08 04:00:00
205,205,14,28,64,0,2023-04-21 03:00:00,2023-04-21 08:00:00,A-01-02,,2023-04-21 03:00:00
206,206,433,30,291,3,2023-03-28 04:00:00,2023-03-28 06:00:00,A-19-04,,2023-03-28 04:00:00
207,207,459,33,144,1,2024-01-01 02:00:00,2024-01-01 05:00:00,D-12-03,,2024-01-01 02:00:00
208,208,454,32,72,1,2023-07-19 04:00:00,2023-07-19 10:00:00,B-08-04,,2023-07-19 04:00:00
209,209,226,32,338,5,2023-09-01 04:00:00,2023-09-01 08:00:00,D-03-05,,2023-09-01 04:00:00
210,210,78,29,392,9,2023-12-23 02:00:00,2023-12-23 04:00:00,B-12-01,,2023-12-23 02:00:00
211,211,414,28,202,3,2023-10-07 02:00:00,2023-10-07 04:00:00,A-12-03,,2023-10-07 02:00:00
212,212,431,28,324,1,2023-07-21 04:00:00,2023-07-21 08:00:00,B-08-01,,2023-07-21 04:00:00
213,213,444,26,293,6,2023-09-02 02:00:00,2023-09-02 09:00:00,A-14-03,,2023-09-02 02:00:00
214,214,41,28,307,6,2023-07-31 01:00:00,2023-07-31 09:00:00,E-06-01,,2023-07-31 01:00:00
215,215,462,28,111,0,2023-09-30 01:00:00,2023-09-30 02:00:00,E-14-02,,2023-09-30 01:00:00
216,216,230,26,158,0,2023-05-07 03:00:00,2023-05-07 11:00:00,D-11-04,,2023-05-07 03:00:00
217,217,99,32,399,1,2023-04-03 01:00:00,2023-04-03 04:00:00,E-06-01,,2023-04-03 01:00:00
218,218,104,30,184,4,2023-11-25 03:00:00,2023-11-25 08:00:00,B-14-02,,2023-11-25 03:00:00
219,219,373,29,266,7,2023-02-12 02:00:00,2023-02-12 06:00:00,D-20-01,,2023-02-12 02:00:00
220,220,439,32,452,11,2023-05-23 01:00:00,2023-05-23 09:00:00,D-11-04,,2023-05-23 01:00:00
221,221,320,27,107,2,2023-11-02 04:00:00,2023-11-02 08:00:00,C-04-01,,2023-11-02 04:00:00
222,222,77,34,104,2,2023-03-22 03:00:00,2023-03-22 04:00:00,B-10-02,,2023-03-22 03:00:00
223,223,400,26,499,3,2023-03-02 01:00:00,2023-03-02 06:00:00,B-18-02,,2023-03-02 01:00:00
224,224,136,27,69,0,2023-07-24 01:00:00,2023-07-24 09:00:00,A-02-03,,2023-07-24 01:00:00
225,225,142,32,41,0,2023-08-20 03:00:00,2023-08-20 10:00:00,E-07-03,,2023-08-20 03:00:00
226,226,456,34,431,12,2023-06-24 01:00:00,2023-06-24 07:00:00,D-17-01,,2023-06-24 01:00:00
227,227,472,28,146,2,2023-06-16 04:00:00,2023-06-16 12:00:00,E-02-03,,2023-06-16 04:00:00
228,228,407,34,489,6,2023-06-16 01:00:00,2023-06-16 05:00:00,B-05-02,,2023-06-16 01:00:00
229,229,351,31,118,2,2023-03-06 03:00:00,2023-03-06 11:00:00,B-11-03,,2023-03-06 03:00:00
230,230,499,35,187,5,2023-08-20 01:00:00,2023-08-20 08:00:00,B-07-05,,2023-08-20 01:00:00
231,231,214,34,276,1,2023-11-09 04:00:00,2023-11-09 06:00:00,A-05-03,,2023-11-09 04:00:00
232,232,468,30,428,11,2023-08-05 04:00:00,2023-08-05 06:00:00,D-11-02,,2023-08-05 04:00:00
233,233,264,33,119,1,2023-03-26 03:00:00,2023-03-26 09:00:00,A-03-02,,2023-03-26 03:00:00
234,234,436,33,138,1,2023-10-29 03:00:00,2023-10-29 11:00:00,B-04-05,,2023-10-29 03:00:00
235,235,449,31,66,1,2023-04-20 04:00:00,2023-04-20 11:00:00,E-05-04,,2023-04-20 04:00:00
236,236,26,33,238,4,2023-07-30 03:00:00,2023-07-30 09:00:00,A-14-05,,2023-07-30 03:00:00
237,237,238,28,398,10,2023-09-24 01:00:00,2023-09-24 02:00:00,B-18-01,,2023-09-24 01:00:00
238,238,124,27,99,0,2023-07-13 04:00:00,2023-07-13 06:00:00,B-13-04,,2023-07-13 04:00:00
239,239,243,32,133,1,2023-11-07 04:00:00,2023-11-07 06:00:00,A-06-01,,2023-11-07 04:00:00
240,240,458,33,195,1,2023-05-21 03:00:00,2023-05-21 05:00:00,C-11-05,,2023-05-21 03:00:00
241,241,198,28,488,10,2023-01-27 01:00:00,2023-01-27 06:00:00,D-02-05,,2023-01-27 01:00:00
242,242,332,33,251,1,2023-05-04 01:00:00,2023-05-04 08:00:00,A-12-04,,2023-05-04 01:00:00
243,243,263,27,292,1,2023-01-16 01:00:00,2023-01-16 08:00:00,C-09-02,,2023-01-16 01:00:00
244,244,68,29,164,1,2023-12-03 01:00:00,2023-12-03 06:00:00,D-14-05,,2023-12-03 01:00:00
245,245,312,28,266,2,2023-06-11 01:00:00,2023-06-11 03:00:00,D-11-03,,2023-06-11 01:00:00
246,246,193,31,288,8,2023-07-04 04:00:00,2023-07-04 12:00:00,E-06-04,,2023-07-04 04:00:00
247,247,347,31,287,7,2023-09-30 02:00:00,2023-09-30 04:00:00,E-20-02,,2023-09-30 02:00:00
248,248,4,33,337,8,2023-10-08 03:00:00,2023-10-08 04:00:00,B-15-02,,2023-10-08 03:00:00
249,249,305,28,190,5,2023-11-08 04:00:00,2023-11-08 09:00:00,E-01-04,,2023-11-08 04:00:00
250,250,173,34,183,3,2023-05-27 01:00:00,2023-05-27 02:00:00,B-07-04,,2023-05-27 01:00:00
251,251,365,26,314,5,2023-12-01 02:00:00,2023-12-01 08:00:00,B-07-05,,2023-12-01 02:00:00
252,252,124,33,388,4,2023-03-16 03:00:00,2023-03-16 08:00:00,E-04-04,,2023-03-16 03:00:00
253,253,349,32,201,2,2023-03-17 04:00:00,2023-03-17 10:00:00,A-06-04,,2023-03-17 04:00:00
254,254,465,30,348,5,2023-08-06 02:00:00,2023-08-06 09:00:00,D-10-04,,2023-08-06 02:00:00
255,255,293,35,401,11,2023-04-11 01:00:00,2023-04-11 03:00:00,A-03-01,,2023-04-11 01:00:00
256,256,327,30,197,4,2023-09-28 01:00:00,2023-09-28 09:00:00,E-19-01,,2023-09-28 01:00:00
257,257,433,31,136,3,2023-04-02 04:00:00,2023-04-02 06:00:00,B-16-01,,2023-04-02 04:00:00
258,258,242,30,380,4,2023-03-11 04:00:00,2023-03-11 05:00:00,C-08-05,,2023-03-11 04:00:00
259,259,172,26,164,3,2023-12-09 03:00:00,2023-12-09 10:00:00,B-01-04,,2023-12-09 03:00:00
260,260,447,32,240,1,2023-06-11 03:00:00,2023-06-11 09:00:00,C-06-05,,2023-06-11 03:00:00
261,261,300,28,290,8,2023-06-03 02:00:00,2023-06-03 09:00:00,A-19-04,,2023-06-03 02:00:00
262,262,444,29,218,4,2023-11-21 04:00:00,2023-11-21 10:00:00,E-06-04,,2023-11-21 04:00:00
263,263,100,31,321,7,2023-09-22 01:00:00,2023-09-22 08:00:00,C-18-02,,2023-09-22 01:00:00
264,264,212,35,120,0,2023-02-01 04:00:00,2023-02-01 05:00:00,E-05-01,,2023-02-01 04:00:00
265,265,176,31,123,3,2023-08-23 01:00:00,2023-08-23 08:00:00,A-05-04,,2023-08-23 01:00:00
266,266,442,32,220,4,2023-04-07 02:00:00,2023-04-07 07:00:00,B-18-02,,2023-04-07 02:00:00
267,267,91,27,281,5,2023-06-10 03:00:00,2023-06-10 05:00:00,B-01-05,,2023-06-10 03:00:00
268,268,108,28,300,8,2023-04-01 01:00:00,2023-04-01 03:00:00,B-10-03,,2023-04-01 01:00:00
269,269,391,26,374,5,2023-03-18 03:00:00,2023-03-18 07:00:00,D-04-04,,2023-03-18 03:00:00
270,270,207,33,52,0,2023-08-30 01:00:00,2023-08-30 05:00:00,D-13-03,,2023-08-30 01:00:00
271,271,274,33,143,0,2023-04-13 02:00:00,2023-04-13 03:00:00,A-11-03,,2023-04-13 02:00:00
272,272,427,34,308,0,2023-10-27 03:00:00,2023-10-27 05:00:00,B-20-01,,2023-10-27 03:00:00
273,273,128,26,209,3,2023-04-30 02:00:00,2023-04-30 06:00:00,C-04-02,,2023-04-30 02:00:00
274,274,53,27,135,0,2023-08-09 02:00:00,2023-08-09 07:00:00,C-16-02,,2023-08-09 02:00:00
275,275,422,32,283,4,2023-01-29 03:00:00,2023-01-29 11:00:00,D-14-05,,2023-01-29 03:00:00
276,276,267,30,279,1,2023-11-07 03:00:00,2023-11-07 10:00:00,A-19-05,,2023-11-07 03:00:00
277,277,176,30,134,0,2023-10-01 04:00:00,2023-10-01 11:00:00,D-14-05,,2023-10-01 04:00:00
278,278,471,27,355,6,2023-08-01 04:00:00,2023-08-01 08:00:00,E-12-03,,2023-08-01 04:00:00
279,279,109,31,113,3,2023-02-04 03:00:00,2023-02-04 10:00:00,C-20-05,,2023-02-04 03:00:00
280,280,365,27,498,1,2023-12-04 03:00:00,2023-12-04 10:00:00,B-12-02,,2023-12-04 03:00:00
281,281,131,26,388,4,2023-10-01 02:00:00,2023-10-01 08:00:00,A-01-03,,2023-10-01 02:00:00
282,282,335,30,263,1,2023-01-14 03:00:00,2023-01-14 07:00:00,E-03-04,,2023-01-14 03:00:00
283,283,195,32,409,6,2023-04-01 01:00:00,2023-04-01 06:00:00,E-03-05,,2023-04-01 01:00:00
284,284,106,33,204,2,2024-01-13 03:00:00,2024-01-13 07:00:00,B-02-04,,2024-01-13 03:00:00
285,285,339,31,368,3,2023-02-28 01:00:00,2023-02-28 03:00:00,D-06-05,,2023-02-28 01:00:00
286,286,359,33,311,2,2023-03-19 01:00:00,2023-03-19 06:00:00,A-19-01,,2023-03-19 01:00:00
287,287,317,31,304,7,2023-03-04 04:00:00,2023-03-04 05:00:00,E-17-01,,2023-03-04 04:00:00
288,288,312,31,233,0,2023-04-20 01:00:00,2023-04-20 08:00:00,C-09-03,,2023-04-20 01:00:00
289,289,210,30,156,2,2023-06-06 03:00:00,2023-06-06 11:00:00,E-02-04,,2023-06-06 03:00:00
290,290,478,29,56,0,2023-09-06 01:00:00,2023-09-06 07:00:00,E-04-01,,2023-09-06 01:00:00
291,291,46,27,126,0,2023-03-01 01:00:00,2023-03-01 07:00:00,D-08-02,,2023-03-01 01:00:00
292,292,400,27,181,4,2023-09-22 03:00:00,2023-09-22 04:00:00,A-09-01,,2023-09-22 03:00:00
293,293,119,28,185,1,2023-09-05 03:00:00,2023-09-05 09:00:00,E-13-03,,2023-09-05 03:00:00
294,294,26,27,402,1,2023-03-17 03:00:00,2023-03-17 06:00:00,E-14-04,,2023-03-17 03:00:00
295,295,185,29,98,0,2023-12-16 04:00:00,2023-12-16 12:00:00,C-11-04,,2023-12-16 04:00:00
296,296,389,27,389,8,2023-02-02 01:00:00,2023-02-02 07:00:00,E-08-02,,2023-02-02 01:00:00
297,297,88,29,368,5,2023-06-21 02:00:00,2023-06-21 03:00:00,B-15-04,,2023-06-21 02:00:00
298,298,450,27,143,1,2023-02-22 03:00:00,2023-02-22 08:00:00,D-05-05,,2023-02-22 03:00:00
299,299,206,30,326,3,2023-08-09 04:00:00,2023-08-09 08:00:00,D-07-01,,2023-08-09 04:00:00
300,300,354,29,107,2,2023-09-08 01:00:00,2023-09-08 04:00:00,D-04-01,,2023-09-08 01:00:00
301,301,357,31,103,1,2023-03-04 03:00:00,2023-03-04 04:00:00,D-17-04,,2023-03-04 03:00:00
302,302,467,32,142,3,2023-11-07 01:00:00,2023-11-07 07:00:00,D-07-02,,2023-11-07 01:00:00
303,303,195,26,297,4,2023-07-11 01:00:00,2023-07-11 09:00:00,C-12-01,,2023-07-11 01:00:00
304,304,250,28,73,1,2023-03-07 04:00:00,2023-03-07 08:00:00,C-07-04,,2023-03-07 04:00:00
305,305,134,27,392,6,2023-12-06 04:00:00,2023-12-06 11:00:00,A-02-02,,2023-12-06 04:00:00
306,306,174,27,271,0,2023-10-01 01:00:00,2023-10-01 06:00:00,B-03-05,,2023-10-01 01:00:00
307,307,373,30,126,3,2023-05-11 04:00:00,2023-05-11 11:00:00,D-04-02,,2023-05-11 04:00:00
308,308,424,26,55,0,2023-10-21 02:00:00,2023-10-21 08:00:00,C-20-03,,2023-10-21 02:00:00
309,309,479,27,486,7,2023-03-25 04:00:00,2023-03-25 09:00:00,B-06-03,,2023-03-25 04:00:00
310,310,446,31,214,2,2023-04-22 04:00:00,2023-04-22 07:00:00,A-16-04,,2023-04-22 04:00:00
311,311,170,33,331,9,2023-05-30 01:00:00,2023-05-30 04:00:00,A-20-03,,2023-05-30 01:00:00
312,312,194,35,285,4,2023-07-26 02:00:00,2023-07-26 10:00:00,A-02-01,,2023-07-26 02:00:00
313,313,411,30,278,2,2023-11-17 02:00:00,2023-11-17 05:00:00,B-04-01,,2023-11-17 02:00:00
314,314,61,33,74,1,2023-09-13 03:00:00,2023-09-13 08:00:00,D-09-03,,2023-09-13 03:00:00
315,315,212,26,472,4,2023-01-24 03:00:00,2023-01-24 11:00:00,A-09-05,,2023-01-24 03:00:00
316,316,406,29,310,3,2023-11-23 02:00:00,2023-11-23 05:00:00,C-16-01,,2023-11-23 02:00:00
317,317,106,32,236,4,2023-12-15 04:00:00,2023-12-15 10:00:00,B-03-02,,2023-12-15 04:00:00
318,318,28,32,336,9,2023-05-05 04:00:00,2023-05-05 07:00:00,C-12-03,,2023-05-05 04:00:00
319,319,318,34,416,11,2023-12-04 03:00:00,2023-12-04 08:00:00,B-02-05,,2023-12-04 03:00:00
320,320,59,30,51,1,2023-03-16 01:00:00,2023-03-16 08:00:00,D-19-03,,2023-03-16 01:00:00
321,321,182,35,330,0,2023-12-06 02:00:00,2023-12-06 10:00:00,B-17-03,,2023-12-06 02:00:00
322,322,192,33,302,1,2024-01-07 04:00:00,2024-01-07 09:00:00,A-10-01,,2024-01-07 04:00:00
323,323,421,32,146,1,2023-08-21 01:00:00,2023-08-21 02:00:00,D-10-01,,2023-08-21 01:00:00
324,324,477,34,416,10,2023-07-25 01:00:00,2023-07-25 06:00:00,B-12-03,,2023-07-25 01:00:00
325,325,56,32,445,10,2023-08-02 02:00:00,2023-08-02 04:00:00,C-05-02,,2023-08-02 02:00:00
326,326,231,32,305,0,2023-08-29 02:00:00,2023-08-29 03:00:00,D-12-02,,2023-08-29 02:00:00
327,327,272,28,479,13,2023-01-28 01:00:00,2023-01-28 06:00:00,C-20-03,,2023-01-28 01:00:00
328,328,248,32,404,8,2023-09-26 03:00:00,2023-09-26 06:00:00,B-09-02,,2023-09-26 03:00:00
329,329,89,28,308,2,2023-03-16 01:00:00,2023-03-16 06:00:00,E-15-05,,2023-03-16 01:00:00
330,330,197,31,190,4,2023-08-20 04:00:00,2023-08-20 06:00:00,B-17-04,,2023-08-20 04:00:00
331,331,494,32,462,9,2023-07-19 03:00:00,2023-07-19 11:00:00,C-14-04,,2023-07-19 03:00:00
332,332,71,30,375,10,2023-08-24 01:00:00,2023-08-24 08:00:00,A-05-05,,2023-08-24 01:00:00
333,333,281,30,152,2,2023-06-13 03:00:00,2023-06-13 06:00:00,E-18-05,,2023-06-13 03:00:00
334,334,320,33,413,10,2023-06-05 02:00:00,2023-06-05 09:00:00,A-15-05,,2023-06-05 02:00:00
335,335,500,35,261,2,2023-04-04 01:00:00,2023-04-04 07:00:00,E-04-03,,2023-04-04 01:00:00
336,336,390,29,395,3,2023-07-06 01:00:00,2023-07-06 03:00:00,E-17-01,,2023-07-06 01:00:00
337,337,458,30,463,7,2023-10-06 04:00:00,2023-10-06 07:00:00,B-05-03,,2023-10-06 04:00:00
338,338,268,28,77,2,2023-02-25 04:00:00,2023-02-25 08:00:00,A-03-01,,2023-02-25 04:00:00
339,339,29,26,196,0,2023-04-14 01:00:00,2023-04-14 05:00:00,B-04-04,,2023-04-14 01:00:00
340,340,129,29,119,0,2023-03-18 01:00:00,2023-03-18 06:00:00,D-16-02,,2023-03-18 01:00:00
341,341,278,28,82,2,2023-02-17 04:00:00,2023-02-17 06:00:00,D-05-01,,2023-02-17 04:00:00
342,342,445,33,430,9,2023-12-20 02:00:00,2023-12-20 05:00:00,E-18-02,,2023-12-20 02:00:00
343,343,288,32,404,3,2023-07-21 01:00:00,2023-07-21 09:00:00,C-09-04,,2023-07-21 01:00:00
344,344,25,33,332,1,2023-07-17 04:00:00,2023-07-17 11:00:00,B-01-03,,2023-07-17 04:00:00
345,345,7,31,474,5,2023-05-12 03:00:00,2023-05-12 04:00:00,E-15-01,,2023-05-12 03:00:00
346,346,467,34,341,7,2023-11-29 03:00:00,2023-11-29 04:00:00,B-12-05,,2023-11-29 03:00:00
347,347,280,35,200,5,2023-11-13 04:00:00,2023-11-13 06:00:00,B-05-03,,2023-11-13 04:00:00
348,348,91,33,426,9,2024-01-10 02:00:00,2024-01-10 07:00:00,C-13-01,,2024-01-10 02:00:00
349,349,62,35,334,4,2023-07-26 02:00:00,2023-07-26 07:00:00,B-11-05,,2023-07-26 02:00:00
350,350,67,29,52,0,2023-03-29 04:00:00,2023-03-29 06:00:00,A-01-02,,2023-03-29 04:00:00
351,351,239,28,128,0,2024-01-06 04:00:00,2024-01-06 10:00:00,B-08-01,,2024-01-06 04:00:00
352,352,166,27,301,3,2023-11-09 04:00:00,2023-11-09 06:00:00,A-20-03,,2023-11-09 04:00:00
353,353,294,31,319,7,2023-11-08 04:00:00,2023-11-08 10:00:00,E-01-02,,2023-11-08 04:00:00
354,354,490,33,262,3,2023-04-12 02:00:00,2023-04-12 06:00:00,B-09-04,,2023-04-12 02:00:00
355,355,275,35,159,1,2023-08-07 02:00:00,2023-08-07 09:00:00,E-07-01,,2023-08-07 02:00:00
356,356,170,31,435,12,2023-06-20 01:00:00,2023-06-20 05:00:00,A-05-01,,2023-06-20 01:00:00
357,357,272,29,108,1,2023-09-13 01:00:00,2023-09-13 07:00:00,B-17-04,,2023-09-13 01:00:00
358,358,178,27,57,0,2023-08-18 03:00:00,2023-08-18 09:00:00,E-18-02,,2023-08-18 03:00:00
359,359,454,27,247,4,2023-06-14 01:00:00,2023-06-14 03:00:00,B-17-03,,2023-06-14 01:00:00
360,360,277,32,313,2,2023-05-30 03:00:00,2023-05-30 04:00:00,B-10-03,,2023-05-30 03:00:00
361,361,261,29,383,0,2023-09-16 02:00:00,2023-09-16 07:00:00,A-18-05,,2023-09-16 02:00:00
362,362,165,33,130,1,2023-09-27 04:00:00,2023-09-27 05:00:00,E-04-05,,2023-09-27 04:00:00
363,363,276,31,154,3,2023-10-29 01:00:00,2023-10-29 07:00:00,D-09-02,,2023-10-29 01:00:00
364,364,323,35,297,1,2023-04-23 03:00:00,2023-04-23 04:00:00,B-16-01,,2023-04-23 03:00:00
365,365,106,35,333,7,2023-10-09 01:00:00,2023-10-09 07:00:00,A-14-05,,2023-10-09 01:00:00
366,366,482,33,58,0,2023-02-15 02:00:00,2023-02-15 07:00:00,A-04-01,,2023-02-15 02:00:00
367,367,368,26,77,1,2023-07-13 04:00:00,2023-07-13 12:00:00,C-08-01,,2023-07-13 04:00:00
368,368,407,26,182,4,2023-06-01 02:00:00,2023-06-01 09:00:00,A-18-04,,2023-06-01 02:00:00
369,369,199,27,211,2,2023-08-27 02:00:00,2023-08-27 09:00:00,D-18-02,,2023-08-27 02:00:00
370,370,200,26,378,10,2023-12-11 03:00:00,2023-12-11 09:00:00,B-11-04,,2023-12-11 03:00:00
371,371,317,26,408,1,2023-02-04 01:00:00,2023-02-04 05:00:00,D-18-05,,2023-02-04 01:00:00
372,372,38,28,119,2,2023-07-19 01:00:00,2023-07-19 03:00:00,A-05-04,,2023-07-19 01:00:00
373,373,352,33,441,4,2023-07-04 02:00:00,2023-07-04 07:00:00,B-20-04,,2023-07-04 02:00:00
374,374,225,31,292,5,2023-07-20 01:00:00,2023-07-20 06:00:00,E-07-04,,2023-07-20 01:00:00
375,375,274,34,427,5,2023-05-18 03:00:00,2023-05-18 09:00:00,E-10-02,,2023-05-18 03:00:00
376,376,435,33,146,2,2023-11-05 01:00:00,2023-11-05 02:00:00,C-14-05,,2023-11-05 01:00:00
377,377,455,27,333,2,2023-11-28 02:00:00,2023-11-28 06:00:00,C-18-02,,2023-11-28 02:00:00
378,378,285,27,343,8,2023-03-22 02:00:00,2023-03-22 03:00:00,B-15-04,,2023-03-22 02:00:00
379,379,202,27,206,5,2023-10-10 03:00:00,2023-10-10 08:00:00,E-13-03,,2023-10-10 03:00:00
380,380,384,33,132,3,2023-07-03 04:00:00,2023-07-03 12:00:00,A-13-04,,2023-07-03 04:00:00
381,381,114,26,108,0,2023-12-05 02:00:00,2023-12-05 09:00:00,E-02-03,,2023-12-05 02:00:00
382,382,344,26,286,2,2023-12-01 01:00:00,2023-12-01 07:00:00,C-19-02,,2023-12-01 01:00:00
383,383,282,32,178,4,2023-02-07 04:00:00,2023-02-07 11:00:00,A-04-05,,2023-02-07 04:00:00
384,384,102,30,223,1,2023-10-30 04:00:00,2023-10-30 11:00:00,E-19-05,,2023-10-30 04:00:00
385,385,344,27,367,4,2023-12-26 02:00:00,2023-12-26 05:00:00,A-09-03,,2023-12-26 02:00:00
386,386,461,30,196,1,2023-04-16 04:00:00,2023-04-16 05:00:00,E-09-03,,2023-04-16 04:00:00
387,387,338,30,339,7,2023-06-14 01:00:00,2023-06-14 03:00:00,C-19-03,,2023-06-14 01:00:00
388,388,187,34,40,0,2023-06-28 01:00:00,2023-06-28 09:00:00,A-12-04,,2023-06-28 01:00:00
389,389,127,27,191,0,2023-04-28 01:00:00,2023-04-28 06:00:00,E-18-03,,2023-04-28 01:00:00
390,390,185,28,499,3,2023-03-20 03:00:00,2023-03-20 08:00:00,D-05-02,,2023-03-20 03:00:00
391,391,237,34,299,5,2023-09-12 01:00:00,2023-09-12 05:00:00,A-02-02,,2023-09-12 01:00:00
392,392,56,31,396,0,2023-04-11 02:00:00,2023-04-11 03:00:00,C-09-01,,2023-04-11 02:00:00
393,393,440,33,184,0,2023-03-27 02:00:00,2023-03-27 08:00:00,A-03-05,,2023-03-27 02:00:00
394,394,454,27,59,0,2023-11-19 02:00:00,2023-11-19 08:00:00,E-12-04,,2023-11-19 02:00:00
395,395,260,31,443,11,2023-12-01 02:00:00,2023-12-01 03:00:00,C-20-03,,2023-12-01 02:00:00
396,396,109,30,364,4,2023-01-29 03:00:00,2023-01-29 04:00:00,B-12-01,,2023-01-29 03:00:00
397,397,77,31,112,0,2023-08-06 02:00:00,2023-08-06 08:00:00,E-17-05,,2023-08-06 02:00:00
398,398,257,35,229,4,2023-10-15 02:00:00,2023-10-15 09:00:00,A-03-02,,2023-10-15 02:00:00
399,399,340,33,437,7,2023-05-04 04:00:00,2023-05-04 06:00:00,E-02-05,,2023-05-04 04:00:00
400,400,72,29,426,6,2023-08-29 03:00:00,2023-08-29 08:00:00,B-19-03,,2023-08-29 03:00:00
401,401,248,29,168,4,2023-07-08 03:00:00,2023-07-08 07:00:00,D-11-01,,2023-07-08 03:00:00
402,402,136,34,315,9,2023-07-13 04:00:00,2023-07-13 10:00:00,A-12-05,,2023-07-13 04:00:00
403,403,406,35,73,0,2023-07-12 04:00:00,2023-07-12 08:00:00,D-14-02,,2023-07-12 04:00:00
404,404,333,30,469,13,2023-06-17 02:00:00,2023-06-17 09:00:00,E-05-05,,2023-06-17 02:00:00
405,405,135,28,242,2,2023-10-27 01:00:00,2023-10-27 03:00:00,D-14-05,,2023-10-27 01:00:00
406,406,194,27,314,5,2023-07-07 02:00:00,2023-07-07 05:00:00,D-01-02,,2023-07-07 02:00:00
407,407,193,26,468,10,2023-04-30 04:00:00,2023-04-30 06:00:00,B-02-04,,2023-04-30 04:00:00
408,408,177,32,306,9,2023-09-15 02:00:00,2023-09-15 09:00:00,D-12-02,,2023-09-15 02:00:00
409,409,72,35,313,2,2023-08-19 03:00:00,2023-08-19 05:00:00,C-11-05,,2023-08-19 03:00:00
410,410,144,33,235,7,2023-04-20 01:00:00,2023-04-20 03:00:00,C-15-04,,2023-04-20 01:00:00
411,411,368,27,465,6,2023-03-12 04:00:00,2023-03-12 07:00:00,B-19-05,,2023-03-12 04:00:00
412,412,369,28,295,0,2023-03-04 03:00:00,2023-03-04 11:00:00,D-11-04,,2023-03-04 03:00:00
413,413,303,26,61,1,2023-04-02 01:00:00,2023-04-02 05:00:00,C-16-03,,2023-04-02 01:00:00
414,414,23,28,118,3,2023-03-14 04:00:00,2023-03-14 09:00:00,C-13-03,,2023-03-14 04:00:00
415,415,263,35,48,1,2023-01-22 02:00:00,2023-01-22 09:00:00,E-09-05,,2023-01-22 02:00:00
416,416,133,33,356,3,2023-04-28 02:00:00,2023-04-28 04:00:00,C-09-04,,2023-04-28 02:00:00
417,417,327,27,93,0,2023-01-19 03:00:00,2023-01-19 05:00:00,B-09-02,,2023-01-19 03:00:00
418,418,230,34,137,3,2023-12-03 02:00:00,2023-12-03 03:00:00,E-02-05,,2023-12-03 02:00:00
419,419,426,32,369,0,2023-08-06 01:00:00,2023-08-06 07:00:00,B-10-05,,2023-08-06 01:00:00
420,420,262,32,282,4,2023-05-18 04:00:00,2023-05-18 09:00:00,A-04-04,,2023-05-18 04:00:00
421,421,303,29,117,0,2023-02-15 02:00:00,2023-02-15 07:00:00,A-12-01,,2023-02-15 02:00:00
422,422,9,31,473,4,2023-04-20 03:00:00,2023-04-20 08:00:00,D-17-01,,2023-04-20 03:00:00
423,423,311,29,306,0,2023-03-13 03:00:00,2023-03-13 07:00:00,E-02-01,,2023-03-13 03:00:00
424,424,273,33,296,3,2023-10-13 02:00:00,2023-10-13 06:00:00,C-16-02,,2023-10-13 02:00:00
425,425,67,32,395,3,2023-11-05 02:00:00,2023-11-05 04:00:00,E-07-01,,2023-11-05 02:00:00
426,426,333,35,497,8,2023-08-11 02:00:00,2023-08-11 05:00:00,A-14-03,,2023-08-11 02:00:00
427,427,358,29,454,7,2023-10-02 03:00:00,2023-10-02 11:00:00,E-06-03,,2023-10-02 03:00:00
428,428,196,27,229,3,2023-07-27 04:00:00,2023-07-27 10:00:00,E-16-03,,2023-07-27 04:00:00
429,429,131,32,195,5,2023-09-24 03:00:00,2023-09-24 10:00:00,D-11-02,,2023-09-24 03:00:00
430,430,449,33,52,0,2023-10-14 03:00:00,2023-10-14 05:00:00,C-13-02,,2023-10-14 03:00:00
431,431,381,29,296,5,2023-01-06 02:00:00,2023-01-06 03:00:00,C-09-05,,2023-01-06 02:00:00
432,432,193,33,234,0,2023-12-04 03:00:00,2023-12-04 08:00:00,C-14-04,,2023-12-04 03:00:00
433,433,55,26,183,1,2023-03-24 01:00:00,2023-03-24 06:00:00,D-08-03,,2023-03-24 01:00:00
434,434,275,31,398,4,2023-08-15 02:00:00,2023-08-15 06:00:00,A-20-05,,2023-08-15 02:00:00
435,435,387,34,141,2,2023-04-23 01:00:00,2023-04-23 08:00:00,A-11-03,,2023-04-23 01:00:00
436,436,287,34,345,0,2023-10-15 02:00:00,2023-10-15 08:00:00,E-07-02,,2023-10-15 02:00:00
437,437,397,29,487,10,2023-12-30 03:00:00,2023-12-30 06:00:00,C-11-04,,2023-12-30 03:00:00
438,438,338,34,450,3,2023-03-13 01:00:00,2023-03-13 02:00:00,A-17-01,,2023-03-13 01:00:00
439,439,487,29,452,6,2023-03-29 02:00:00,2023-03-29 07:00:00,C-01-02,,2023-03-29 02:00:00
440,440,411,27,132,2,2023-10-10 04:00:00,2023-10-10 11:00:00,B-09-01,,2023-10-10 04:00:00
441,441,494,28,471,10,2023-11-27 04:00:00,2023-11-27 05:00:00,A-18-05,,2023-11-27 04:00:00
442,442,242,32,184,3,2023-11-26 04:00:00,2023-11-26 08:00:00,E-10-03,,2023-11-26 04:00:00
443,443,190,35,255,0,2023-02-19 03:00:00,2023-02-19 11:00:00,B-04-03,,2023-02-19 03:00:00
444,444,336,33,446,3,2023-10-01 01:00:00,2023-10-01 05:00:00,D-18-03,,2023-10-01 01:00:00
445,445,90,31,153,3,2023-12-02 02:00:00,2023-12-02 09:00:00,A-16-04,,2023-12-02 02:00:00
446,446,337,29,451,9,2023-10-01 04:00:00,2023-10-01 08:00:00,E-01-04,,2023-10-01 04:00:00
447,447,262,27,395,5,2023-09-30 01:00:00,2023-09-30 06:00:00,C-05-01,,2023-09-30 01:00:00
448,448,185,35,94,0,2023-05-04 04:00:00,2023-05-04 08:00:00,A-05-04,,2023-05-04 04:00:00
449,449,400,30,206,5,2023-07-30 02:00:00,2023-07-30 03:00:00,D-09-04,,2023-07-30 02:00:00
450,450,103,26,96,2,2023-09-30 01:00:00,2023-09-30 07:00:00,E-20-04,,2023-09-30 01:00:00
451,451,146,33,227,1,2023-11-10 04:00:00,2023-11-10 12:00:00,C-08-03,,2023-11-10 04:00:00
452,452,142,28,282,4,2023-05-05 01:00:00,2023-05-05 03:00:00,D-03-04,,2023-05-05 01:00:00
453,453,207,26,258,1,2023-10-28 01:00:00,2023-10-28 04:00:00,B-15-01,,2023-10-28 01:00:00
454,454,55,26,177,3,2023-10-27 04:00:00,2023-10-27 07:00:00,E-14-04,,2023-10-27 04:00:00
455,455,412,31,466,6,2023-10-15 03:00:00,2023-10-15 08:00:00,E-11-05,,2023-10-15 03:00:00
456,456,295,35,338,1,2023-06-09 03:00:00,2023-06-09 07:00:00,E-12-05,,2023-06-09 03:00:00
457,457,395,26,398,5,2023-06-01 03:00:00,2023-06-01 06:00:00,B-17-04,,2023-06-01 03:00:00
458,458,460,29,109,0,2023-12-11 04:00:00,2023-12-11 06:00:00,A-10-02,,2023-12-11 04:00:00
459,459,35,35,396,6,2023-07-19 03:00:00,2023-07-19 05:00:00,A-20-04,,2023-07-19 03:00:00
460,460,118,30,314,3,2023-06-15 02:00:00,2023-06-15 08:00:00,A-07-03,,2023-06-15 02:00:00
461,461,5,34,184,3,2024-01-06 03:00:00,2024-01-06 09:00:00,E-13-03,,2024-01-06 03:00:00
462,462,205,28,88,1,2023-12-16 01:00:00,2023-12-16 04:00:00,A-07-03,,2023-12-16 01:00:00
463,463,477,30,161,0,2023-04-15 04:00:00,2023-04-15 10:00:00,E-19-05,,2023-04-15 04:00:00
464,464,294,29,270,4,2023-05-24 04:00:00,2023-05-24 08:00:00,B-01-02,,2023-05-24 04:00:00
465,465,103,31,155,3,2023-05-05 02:00:00,2023-05-05 05:00:00,B-16-01,,2023-05-05 02:00:00
466,466,104,30,129,3,2023-05-16 02:00:00,2023-05-16 10:00:00,D-16-03,,2023-05-16 02:00:00
467,467,55,30,364,1,2023-04-20 04:00:00,2023-04-20 11:00:00,D-16-03,,2023-04-20 04:00:00
468,468,392,34,173,0,2023-10-25 02:00:00,2023-10-25 05:00:00,C-05-04,,2023-10-25 02:00:00
469,469,162,28,301,6,2023-09-19 03:00:00,2023-09-19 05:00:00,E-14-03,,2023-09-19 03:00:00
470,470,392,34,434,4,2023-10-12 04:00:00,2023-10-12 10:00:00,D-07-05,,2023-10-12 04:00:00
471,471,66,31,281,1,2023-02-07 03:00:00,2023-02-07 06:00:00,A-07-04,,2023-02-07 03:00:00
472,472,17,34,284,0,2023-09-27 03:00:00,2023-09-27 09:00:00,A-12-03,,2023-09-27 03:00:00
473,473,358,30,46,0,2023-09-26 03:00:00,2023-09-26 11:00:00,D-02-03,,2023-09-26 03:00:00
474,474,108,28,235,6,2023-07-16 01:00:00,2023-07-16 09:00:00,E-15-04,,2023-07-16 01:00:00
475,475,442,28,171,4,2023-05-22 01:00:00,2023-05-22 02:00:00,C-01-05,,2023-05-22 01:00:00
476,476,242,33,305,1,2023-11-14 02:00:00,2023-11-14 04:00:00,D-04-01,,2023-11-14 02:00:00
477,477,108,31,236,0,2023-08-10 01:00:00,2023-08-10 06:00:00,B-20-01,,2023-08-10 01:00:00
478,478,206,32,320,3,2023-06-02 02:00:00,2023-06-02 08:00:00,E-01-04,,2023-06-02 02:00:00
479,479,118,26,287,0,2023-02-22 02:00:00,2023-02-22 07:00:00,A-06-04,,2023-02-22 02:00:00
480,480,439,34,292,1,2023-07-21 04:00:00,2023-07-21 07:00:00,A-10-03,,2023-07-21 04:00:00
481,481,5,28,484,4,2023-04-30 01:00:00,2023-04-30 09:00:00,A-04-01,,2023-04-30 01:00:00
482,482,265,33,203,1,2023-10-04 01:00:00,2023-10-04 04:00:00,A-07-03,,2023-10-04 01:00:00
483,483,288,26,403,8,2023-10-21 02:00:00,2023-10-21 07:00:00,B-05-03,,2023-10-21 02:00:00
484,484,31,29,479,4,2023-05-16 03:00:00,2023-05-16 06:00:00,E-11-04,,2023-05-16 03:00:00
485,485,50,33,165,0,2023-08-21 03:00:00,2023-08-21 08:00:00,D-09-01,,2023-08-21 03:00:00
486,486,287,28,226,2,2023-10-16 04:00:00,2023-10-16 07:00:00,A-19-04,,2023-10-16 04:00:00
487,487,211,34,345,2,2023-03-05 04:00:00,2023-03-05 10:00:00,C-07-03,,2023-03-05 04:00:00
488,488,333,29,231,5,2023-12-08 03:00:00,2023-12-08 05:00:00,E-07-03,,2023-12-08 03:00:00
489,489,345,35,90,0,2023-09-23 01:00:00,2023-09-23 04:00:00,D-05-04,,2023-09-23 01:00:00
490,490,315,28,494,8,2023-06-02 01:00:00,2023-06-02 07:00:00,A-12-01,,2023-06-02 01:00:00
491,491,328,33,484,4,2023-07-17 01:00:00,2023-07-17 04:00:00,C-10-02,,2023-07-17 01:00:00
492,492,37,32,210,4,2023-02-16 04:00:00,2023-02-16 12:00:00,E-19-04,,2023-02-16 04:00:00
493,493,335,26,188,1,2023-06-03 03:00:00,2023-06-03 09:00:00,D-13-03,,2023-06-03 03:00:00
494,494,228,32,245,5,2023-07-13 01:00:00,2023-07-13 08:00:00,D-09-05,,2023-07-13 01:00:00
495,495,95,35,388,1,2023-02-04 02:00:00,2023-02-04 07:00:00,E-17-02,,2023-02-04 02:00:00
496,496,482,31,135,0,2023-12-29 03:00:00,2023-12-29 04:00:00,A-10-02,,2023-12-29 03:00:00
497,497,53,30,330,1,2023-02-26 01:00:00,2023-02-26 04:00:00,B-06-03,,2023-02-26 01:00:00
498,498,14,34,103,0,2023-07-23 02:00:00,2023-07-23 09:00:00,A-08-02,,2023-07-23 02:00:00
499,499,317,29,155,2,2023-03-27 03:00:00,2023-03-27 05:00:00,D-18-04,,2023-03-27 03:00:00
500,500,127,28,100,2,2023-06-02 02:00:00,2023-06-02 04:00:00,D-05-03,,2023-06-02 02:00:00
501,501,430,27,490,4,2023-04-11 03:00:00,2023-04-11 10:00:00,E-13-05,,2023-04-11 03:00:00
502,502,167,31,330,6,2023-09-08 01:00:00,2023-09-08 05:00:00,E-06-02,,2023-09-08 01:00:00
503,503,70,33,373,5,2024-01-20 01:00:00,2024-01-20 08:00:00,A-08-02,,2024-01-20 01:00:00
504,504,326,32,227,1,2023-10-20 04:00:00,2023-10-20 06:00:00,C-13-02,,2023-10-20 04:00:00
505,505,277,28,207,1,2023-05-24 04:00:00,2023-05-24 05:00:00,C-14-02,,2023-05-24 04:00:00
506,506,212,32,50,0,2023-05-15 01:00:00,2023-05-15 09:00:00,A-12-01,,2023-05-15 01:00:00
507,507,418,32,195,1,2023-03-25 04:00:00,2023-03-25 12:00:00,A-16-04,,2023-03-25 04:00:00
508,508,353,31,203,1,2023-09-29 03:00:00,2023-09-29 05:00:00,E-15-05,,2023-09-29 03:00:00
509,509,393,32,457,9,2023-08-10 03:00:00,2023-08-10 05:00:00,B-14-05,,2023-08-10 03:00:00
510,510,281,32,159,0,2023-07-14 03:00:00,2023-07-14 07:00:00,E-20-04,,2023-07-14 03:00:00
511,511,84,35,162,1,2023-12-06 01:00:00,2023-12-06 09:00:00,D-12-01,,2023-12-06 01:00:00
512,512,41,28,195,1,2023-08-10 03:00:00,2023-08-10 08:00:00,A-18-03,,2023-08-10 03:00:00
513,513,381,27,146,1,2023-10-03 04:00:00,2023-10-03 10:00:00,C-02-05,,2023-10-03 04:00:00
514,514,36,27,376,0,2023-04-12 04:00:00,2023-04-12 08:00:00,B-03-05,,2023-04-12 04:00:00
515,515,317,35,146,0,2023-09-16 04:00:00,2023-09-16 11:00:00,C-12-04,,2023-09-16 04:00:00
516,516,10,26,145,3,2023-03-20 04:00:00,2023-03-20 05:00:00,A-11-03,,2023-03-20 04:00:00
517,517,145,30,422,12,2023-05-24 01:00:00,2023-05-24 08:00:00,E-03-03,,2023-05-24 01:00:00
518,518,120,35,161,0,2023-02-19 03:00:00,2023-02-19 05:00:00,D-04-02,,2023-02-19 03:00:00
519,519,216,29,240,2,2023-06-13 02:00:00,2023-06-13 03:00:00,C-19-04,,2023-06-13 02:00:00
520,520,357,32,78,1,2023-02-11 02:00:00,2023-02-11 07:00:00,E-02-05,,2023-02-11 02:00:00
521,521,398,30,122,0,2023-07-26 04:00:00,2023-07-26 08:00:00,A-14-02,,2023-07-26 04:00:00
522,522,459,31,112,2,2023-05-15 03:00:00,2023-05-15 05:00:00,B-08-01,,2023-05-15 03:00:00
523,523,366,32,176,3,2023-06-08 04:00:00,2023-06-08 11:00:00,E-11-05,,2023-06-08 04:00:00
524,524,18,28,316,5,2023-04-14 03:00:00,2023-04-14 09:00:00,C-12-04,,2023-04-14 03:00:00
525,525,107,26,215,4,2023-09-02 02:00:00,2023-09-02 05:00:00,D-09-04,,2023-09-02 02:00:00
526,526,323,29,179,3,2023-02-13 01:00:00,2023-02-13 09:00:00,E-12-01,,2023-02-13 01:00:00
527,527,327,26,492,7,2023-06-26 03:00:00,2023-06-26 08:00:00,C-15-04,,2023-06-26 03:00:00
528,528,112,34,216,3,2023-03-02 03:00:00,2023-03-02 10:00:00,D-01-03,,2023-03-02 03:00:00
529,529,86,27,454,13,2023-05-25 04:00:00,2023-05-25 07:00:00,D-20-01,,2023-05-25 04:00:00
530,530,5,34,402,2,2023-01-31 01:00:00,2023-01-31 06:00:00,B-06-04,,2023-01-31 01:00:00
531,531,80,31,130,2,2023-07-18 04:00:00,2023-07-18 09:00:00,C-12-01,,2023-07-18 04:00:00
532,532,47,33,80,1,2024-01-11 02:00:00,2024-01-11 09:00:00,D-15-03,,2024-01-11 02:00:00
533,533,331,33,114,2,2023-03-21 04:00:00,2023-03-21 09:00:00,A-18-03,,2023-03-21 04:00:00
534,534,120,32,462,9,2023-07-22 01:00:00,2023-07-22 08:00:00,E-14-04,,2023-07-22 01:00:00
535,535,225,27,233,0,2023-04-17 02:00:00,2023-04-17 05:00:00,E-20-05,,2023-04-17 02:00:00
536,536,69,35,411,9,2023-05-14 01:00:00,2023-05-14 07:00:00,E-08-02,,2023-05-14 01:00:00
537,537,287,34,147,3,2023-06-27 03:00:00,2023-06-27 04:00:00,E-13-05,,2023-06-27 03:00:00
538,538,96,31,177,0,2023-10-16 03:00:00,2023-10-16 07:00:00,B-16-02,,2023-10-16 03:00:00
539,539,426,29,85,0,2023-11-12 01:00:00,2023-11-12 05:00:00,E-15-04,,2023-11-12 01:00:00
540,540,80,35,327,4,2023-09-01 02:00:00,2023-09-01 05:00:00,D-17-01,,2023-09-01 02:00:00
541,541,233,32,399,10,2023-01-05 02:00:00,2023-01-05 10:00:00,A-01-01,,2023-01-05 02:00:00
542,542,453,35,441,11,2023-02-03 01:00:00,2023-02-03 08:00:00,C-18-01,,2023-02-03 01:00:00
543,543,123,32,147,2,2023-06-24 01:00:00,2023-06-24 09:00:00,D-02-03,,2023-06-24 01:00:00
544,544,350,28,320,0,2023-09-24 04:00:00,2023-09-24 12:00:00,D-04-01,,2023-09-24 04:00:00
545,545,166,28,88,1,2023-08-01 01:00:00,2023-08-01 04:00:00,C-14-03,,2023-08-01 01:00:00
546,546,338,29,128,0,2023-02-16 01:00:00,2023-02-16 07:00:00,A-15-04,,2023-02-16 01:00:00
547,547,17,30,100,1,2023-04-23 04:00:00,2023-04-23 10:00:00,D-09-05,,2023-04-23 04:00:00
548,548,293,35,319,7,2023-11-28 02:00:00,2023-11-28 07:00:00,A-08-03,,2023-11-28 02:00:00
549,549,360,28,163,1,2023-11-08 02:00:00,2023-11-08 07:00:00,D-15-03,,2023-11-08 02:00:00
550,550,368,26,385,8,2023-02-14 02:00:00,2023-02-14 07:00:00,D-09-02,,2023-02-14 02:00:00
551,551,476,32,193,0,2023-03-06 01:00:00,2023-03-06 06:00:00,C-17-05,,2023-03-06 01:00:00
552,552,381,34,471,12,2023-08-12 03:00:00,2023-08-12 06:00:00,E-17-03,,2023-08-12 03:00:00
553,553,137,33,477,12,2023-10-05 04:00:00,2023-10-05 07:00:00,E-16-02,,2023-10-05 04:00:00
554,554,40,28,61,1,2023-05-02 03:00:00,2023-05-02 07:00:00,C-07-02,,2023-05-02 03:00:00
555,555,119,35,319,7,2023-10-03 01:00:00,2023-10-03 05:00:00,C-16-04,,2023-10-03 01:00:00
556,556,128,27,319,8,2023-10-20 02:00:00,2023-10-20 06:00:00,C-02-04,,2023-10-20 02:00:00
557,557,286,29,315,2,2023-08-05 01:00:00,2023-08-05 02:00:00,D-19-05,,2023-08-05 01:00:00
558,558,360,26,135,3,2023-12-31 02:00:00,2023-12-31 06:00:00,B-15-02,,2023-12-31 02:00:00
559,559,93,26,271,2,2023-11-08 02:00:00,2023-11-08 04:00:00,B-17-03,,2023-11-08 02:00:00
560,560,274,31,211,1,2023-11-28 04:00:00,2023-11-28 12:00:00,A-18-01,,2023-11-28 04:00:00
561,561,167,29,472,1,2023-07-24 04:00:00,2023-07-24 06:00:00,D-03-04,,2023-07-24 04:00:00
562,562,166,32,242,4,2023-11-11 04:00:00,2023-11-11 09:00:00,E-01-05,,2023-11-11 04:00:00
563,563,282,35,179,4,2023-06-11 02:00:00,2023-06-11 10:00:00,A-09-04,,2023-06-11 02:00:00
564,564,1,30,315,5,2023-01-28 03:00:00,2023-01-28 11:00:00,E-10-03,,2023-01-28 03:00:00
565,565,456,26,110,0,2023-06-27 03:00:00,2023-06-27 11:00:00,A-06-04,,2023-06-27 03:00:00
566,566,162,32,333,9,2023-01-22 04:00:00,2023-01-22 12:00:00,B-06-01,,2023-01-22 04:00:00
567,567,285,27,98,0,2023-11-09 04:00:00,2023-11-09 10:00:00,E-06-02,,2023-11-09 04:00:00
568,568,236,30,237,1,2023-07-04 03:00:00,2023-07-04 09:00:00,E-16-01,,2023-07-04 03:00:00
569,569,299,28,66,1,2023-05-15 03:00:00,2023-05-15 06:00:00,B-13-02,,2023-05-15 03:00:00
570,570,205,33,420,1,2023-11-02 04:00:00,2023-11-02 11:00:00,C-08-03,,2023-11-02 04:00:00
571,571,406,30,327,3,2023-09-06 03:00:00,2023-09-06 09:00:00,C-11-04,,2023-09-06 03:00:00
572,572,154,31,90,1,2023-01-23 04:00:00,2023-01-23 05:00:00,D-02-04,,2023-01-23 04:00:00
573,573,29,30,263,1,2023-07-22 04:00:00,2023-07-22 09:00:00,A-07-02,,2023-07-22 04:00:00
574,574,445,34,432,4,2023-03-09 03:00:00,2023-03-09 10:00:00,D-11-05,,2023-03-09 03:00:00
575,575,435,28,77,1,2023-11-08 04:00:00,2023-11-08 09:00:00,A-03-02,,2023-11-08 04:00:00
576,576,269,30,217,3,2023-01-26 04:00:00,2023-01-26 05:00:00,D-16-02,,2023-01-26 04:00:00
577,577,358,33,230,0,2023-05-08 01:00:00,2023-05-08 07:00:00,C-18-03,,2023-05-08 01:00:00
578,578,305,35,174,0,2023-11-20 01:00:00,2023-11-20 07:00:00,D-05-02,,2023-11-20 01:00:00
579,579,403,34,92,0,2023-07-26 01:00:00,2023-07-26 09:00:00,B-11-05,,2023-07-26 01:00:00
580,580,293,31,93,0,2023-02-21 03:00:00,2023-02-21 04:00:00,B-03-03,,2023-02-21 03:00:00
581,581,257,31,340,9,2023-08-17 02:00:00,2023-08-17 08:00:00,D-08-04,,2023-08-17 02:00:00
582,582,247,27,383,7,2023-11-08 03:00:00,2023-11-08 08:00:00,E-01-02,,2023-11-08 03:00:00
583,583,101,31,174,2,2023-10-23 04:00:00,2023-10-23 05:00:00,E-02-05,,2023-10-23 04:00:00
584,584,137,35,107,1,2023-08-12 01:00:00,2023-08-12 07:00:00,E-16-03,,2023-08-12 01:00:00
585,585,212,28,214,0,2023-08-06 01:00:00,2023-08-06 03:00:00,E-04-05,,2023-08-06 01:00:00
586,586,305,32,136,3,2023-12-05 01:00:00,2023-12-05 09:00:00,E-07-01,,2023-12-05 01:00:00
587,587,316,31,56,1,2023-08-19 02:00:00,2023-08-19 08:00:00,A-06-05,,2023-08-19 02:00:00
588,588,419,26,129,3,2023-05-07 04:00:00,2023-05-07 05:00:00,D-19-03,,2023-05-07 04:00:00
589,589,373,30,174,2,2023-03-13 01:00:00,2023-03-13 05:00:00,C-14-02,,2023-03-13 01:00:00
590,590,475,28,47,1,2023-03-26 04:00:00,2023-03-26 08:00:00,E-12-05,,2023-03-26 04:00:00
591,591,356,35,61,0,2023-03-02 03:00:00,2023-03-02 06:00:00,A-01-05,,2023-03-02 03:00:00
592,592,108,29,203,0,2023-10-06 03:00:00,2023-10-06 05:00:00,C-11-02,,2023-10-06 03:00:00
593,593,319,28,242,1,2023-04-07 03:00:00,2023-04-07 07:00:00,B-12-01,,2023-04-07 03:00:00
594,594,464,26,132,0,2023-12-15 04:00:00,2023-12-15 05:00:00,D-07-04,,2023-12-15 04:00:00
595,595,146,28,77,0,2023-04-15 02:00:00,2023-04-15 09:00:00,E-04-01,,2023-04-15 02:00:00
596,596,336,35,389,6,2023-01-31 01:00:00,2023-01-31 04:00:00,B-04-04,,2023-01-31 01:00:00
597,597,468,31,59,1,2023-12-12 04:00:00,2023-12-12 08:00:00,B-03-05,,2023-12-12 04:00:00
598,598,445,32,310,4,2023-12-05 04:00:00,2023-12-05 05:00:00,A-13-04,,2023-12-05 04:00:00
599,599,51,27,92,0,2023-06-13 03:00:00,2023-06-13 05:00:00,D-10-02,,2023-06-13 03:00:00
600,600,257,28,70,1,2023-08-29 04:00:00,2023-08-29 05:00:00,C-11-01,,2023-08-29 04:00:00
601,601,473,35,167,0,2023-10-08 02:00:00,2023-10-08 05:00:00,D-02-01,,2023-10-08 02:00:00
602,602,81,28,216,4,2023-01-14 03:00:00,2023-01-14 10:00:00,B-14-02,,2023-01-14 03:00:00
603,603,155,33,186,4,2023-05-22 02:00:00,2023-05-22 08:00:00,A-06-01,,2023-05-22 02:00:00
604,604,32,26,467,5,2023-12-18 03:00:00,2023-12-18 08:00:00,E-11-01,,2023-12-18 03:00:00
605,605,484,32,127,3,2023-10-24 01:00:00,2023-10-24 04:00:00,D-02-05,,2023-10-24 01:00:00
606,606,460,29,423,9,2023-07-22 02:00:00,2023-07-22 05:00:00,A-01-03,,2023-07-22 02:00:00
607,607,267,33,263,7,2023-12-20 01:00:00,2023-12-20 09:00:00,D-14-05,,2023-12-20 01:00:00
608,608,294,28,359,6,2023-03-28 01:00:00,2023-03-28 06:00:00,D-16-03,,2023-03-28 01:00:00
609,609,230,28,347,5,2023-10-07 01:00:00,2023-10-07 09:00:00,D-19-02,,2023-10-07 01:00:00
610,610,351,30,402,1,2023-05-09 02:00:00,2023-05-09 06:00:00,A-04-04,,2023-05-09 02:00:00
611,611,461,34,284,1,2023-10-01 02:00:00,2023-10-01 07:00:00,C-15-05,,2023-10-01 02:00:00
612,612,336,28,84,2,2023-11-23 03:00:00,2023-11-23 06:00:00,C-14-03,,2023-11-23 03:00:00
613,613,273,26,422,11,2023-03-14 01:00:00,2023-03-14 08:00:00,A-07-02,,2023-03-14 01:00:00
614,614,392,35,260,0,2023-06-16 02:00:00,2023-06-16 05:00:00,D-11-01,,2023-06-16 02:00:00
615,615,227,35,127,3,2023-12-09 02:00:00,2023-12-09 09:00:00,D-07-04,,2023-12-09 02:00:00
616,616,97,31,440,5,2023-03-24 03:00:00,2023-03-24 09:00:00,C-06-03,,2023-03-24 03:00:00
617,617,316,31,280,4,2023-05-25 01:00:00,2023-05-25 07:00:00,E-09-01,,2023-05-25 01:00:00
618,618,119,27,402,0,2023-12-24 02:00:00,2023-12-24 04:00:00,B-15-01,,2023-12-24 02:00:00
619,619,245,27,414,3,2023-04-10 03:00:00,2023-04-10 08:00:00,D-14-05,,2023-04-10 03:00:00
620,620,192,31,285,1,2023-04-08 02:00:00,2023-04-08 05:00:00,B-01-02,,2023-04-08 02:00:00
621,621,84,28,441,10,2023-05-04 01:00:00,2023-05-04 07:00:00,E-08-05,,2023-05-04 01:00:00
622,622,474,32,430,1,2023-05-31 02:00:00,2023-05-31 06:00:00,B-18-05,,2023-05-31 02:00:00
623,623,104,33,349,10,2023-04-18 04:00:00,2023-04-18 09:00:00,D-17-04,,2023-04-18 04:00:00
624,624,251,30,176,0,2023-12-29 03:00:00,2023-12-29 04:00:00,A-09-05,,2023-12-29 03:00:00
625,625,208,33,418,9,2023-01-30 01:00:00,2023-01-30 02:00:00,D-05-02,,2023-01-30 01:00:00
626,626,202,35,317,7,2023-12-04 02:00:00,2023-12-04 09:00:00,B-14-04,,2023-12-04 02:00:00
627,627,269,27,316,7,2023-12-12 01:00:00,2023-12-12 05:00:00,C-05-04,,2023-12-12 01:00:00
628,628,232,31,499,8,2023-08-25 02:00:00,2023-08-25 06:00:00,D-05-03,,2023-08-25 02:00:00
629,629,266,33,335,1,2023-10-09 03:00:00,2023-10-09 05:00:00,E-16-02,,2023-10-09 03:00:00
630,630,265,26,199,0,2023-12-05 04:00:00,2023-12-05 07:00:00,A-11-03,,2023-12-05 04:00:00
631,631,204,33,286,7,2023-07-01 01:00:00,2023-07-01 09:00:00,D-19-02,,2023-07-01 01:00:00
632,632,217,29,403,2,2023-06-22 01:00:00,2023-06-22 03:00:00,E-20-03,,2023-06-22 01:00:00
633,633,463,30,82,2,2023-03-28 04:00:00,2023-03-28 11:00:00,A-04-03,,2023-03-28 04:00:00
634,634,257,33,213,2,2023-03-02 03:00:00,2023-03-02 09:00:00,A-01-01,,2023-03-02 03:00:00
635,635,166,35,352,5,2023-08-27 04:00:00,2023-08-27 09:00:00,A-16-05,,2023-08-27 04:00:00
636,636,365,27,132,2,2023-04-19 04:00:00,2023-04-19 05:00:00,E-04-05,,2023-04-19 04:00:00
637,637,355,32,417,1,2023-12-01 02:00:00,2023-12-01 08:00:00,E-20-04,,2023-12-01 02:00:00
638,638,64,32,374,0,2023-02-21 04:00:00,2023-02-21 12:00:00,E-17-01,,2023-02-21 04:00:00
639,639,44,31,205,4,2023-09-28 01:00:00,2023-09-28 05:00:00,E-06-01,,2023-09-28 01:00:00
640,640,195,31,339,9,2023-02-05 01:00:00,2023-02-05 09:00:00,C-12-03,,2023-02-05 01:00:00
641,641,338,29,98,1,2023-03-27 01:00:00,2023-03-27 07:00:00,D-09-02,,2023-03-27 01:00:00
642,642,365,27,423,10,2023-02-26 03:00:00,2023-02-26 10:00:00,C-06-04,,2023-02-26 03:00:00
643,643,493,32,110,2,2023-09-15 02:00:00,2023-09-15 08:00:00,C-04-01,,2023-09-15 02:00:00
644,644,68,31,56,0,2023-04-21 02:00:00,2023-04-21 09:00:00,B-09-04,,2023-04-21 02:00:00
645,645,255,27,361,4,2023-10-07 03:00:00,2023-10-07 06:00:00,B-11-01,,2023-10-07 03:00:00
646,646,253,29,282,2,2023-05-10 03:00:00,2023-05-10 06:00:00,D-20-01,,2023-05-10 03:00:00
647,647,227,31,175,3,2023-02-15 04:00:00,2023-02-15 09:00:00,B-11-05,,2023-02-15 04:00:00
648,648,281,31,75,2,2023-05-29 01:00:00,2023-05-29 06:00:00,E-19-01,,2023-05-29 01:00:00
649,649,76,29,95,0,2023-02-20 02:00:00,2023-02-20 07:00:00,A-16-02,,2023-02-20 02:00:00
650,650,17,26,219,1,2023-12-18 02:00:00,2023-12-18 05:00:00,A-10-02,,2023-12-18 02:00:00
651,651,45,32,104,1,2023-02-01 02:00:00,2023-02-01 09:00:00,B-17-05,,2023-02-01 02:00:00
652,652,146,31,283,7,2023-11-10 04:00:00,2023-11-10 09:00:00,C-09-04,,2023-11-10 04:00:00
653,653,297,28,443,12,2023-07-06 02:00:00,2023-07-06 08:00:00,E-12-01,,2023-07-06 02:00:00
654,654,166,34,438,10,2023-07-18 02:00:00,2023-07-18 05:00:00,A-17-04,,2023-07-18 02:00:00
655,655,432,30,118,2,2023-10-17 02:00:00,2023-10-17 08:00:00,E-08-04,,2023-10-17 02:00:00
656,656,356,28,318,0,2023-05-27 04:00:00,2023-05-27 12:00:00,E-14-01,,2023-05-27 04:00:00
657,657,357,31,342,4,2023-04-24 01:00:00,2023-04-24 07:00:00,D-05-01,,2023-04-24 01:00:00
658,658,323,28,420,9,2023-10-20 03:00:00,2023-10-20 04:00:00,E-16-04,,2023-10-20 03:00:00
659,659,310,32,124,1,2024-01-01 03:00:00,2024-01-01 09:00:00,B-19-05,,2024-01-01 03:00:00
660,660,295,35,364,5,2023-11-28 03:00:00,2023-11-28 04:00:00,E-02-03,,2023-11-28 03:00:00
661,661,255,35,302,8,2023-10-04 01:00:00,2023-10-04 08:00:00,B-07-02,,2023-10-04 01:00:00
662,662,93,27,149,4,2023-12-09 02:00:00,2023-12-09 03:00:00,D-04-03,,2023-12-09 02:00:00
663,663,61,31,427,5,2023-01-13 04:00:00,2023-01-13 11:00:00,D-16-02,,2023-01-13 04:00:00
664,664,107,28,73,0,2023-12-08 02:00:00,2023-12-08 09:00:00,C-16-01,,2023-12-08 02:00:00
665,665,180,34,55,0,2023-10-16 03:00:00,2023-10-16 05:00:00,C-15-01,,2023-10-16 03:00:00
666,666,104,26,207,5,2023-12-20 01:00:00,2023-12-20 02:00:00,C-04-02,,2023-12-20 01:00:00
667,667,260,31,87,0,2023-10-12 04:00:00,2023-10-12 09:00:00,A-19-05,,2023-10-12 04:00:00
668,668,171,27,463,2,2023-06-24 04:00:00,2023-06-24 07:00:00,E-07-03,,2023-06-24 04:00:00
669,669,100,33,279,5,2023-07-14 02:00:00,2023-07-14 10:00:00,B-17-02,,2023-07-14 02:00:00
670,670,19,28,371,0,2023-12-26 01:00:00,2023-12-26 06:00:00,C-04-03,,2023-12-26 01:00:00
671,671,457,35,451,2,2023-11-14 01:00:00,2023-11-14 09:00:00,B-20-02,,2023-11-14 01:00:00
672,672,212,31,327,9,2023-02-08 04:00:00,2023-02-08 12:00:00,A-18-01,,2023-02-08 04:00:00
673,673,348,26,156,0,2023-06-13 04:00:00,2023-06-13 08:00:00,D-02-03,,2023-06-13 04:00:00
674,674,351,35,79,1,2023-06-28 01:00:00,2023-06-28 03:00:00,C-17-05,,2023-06-28 01:00:00
675,675,144,29,370,5,2023-02-10 02:00:00,2023-02-10 07:00:00,C-05-04,,2023-02-10 02:00:00
676,676,432,26,145,2,2023-04-09 04:00:00,2023-04-09 11:00:00,D-03-04,,2023-04-09 04:00:00
677,677,60,26,413,3,2023-06-16 04:00:00,2023-06-16 11:00:00,C-16-03,,2023-06-16 04:00:00
678,678,140,28,240,0,2023-08-01 01:00:00,2023-08-01 06:00:00,E-19-05,,2023-08-01 01:00:00
679,679,425,31,139,3,2023-06-30 01:00:00,2023-06-30 02:00:00,C-13-02,,2023-06-30 01:00:00
680,680,192,29,171,4,2023-01-23 04:00:00,2023-01-23 07:00:00,E-12-01,,2023-01-23 04:00:00
681,681,13,29,147,4,2023-09-25 02:00:00,2023-09-25 08:00:00,A-07-04,,2023-09-25 02:00:00
682,682,473,26,447,8,2023-09-08 01:00:00,2023-09-08 08:00:00,B-04-03,,2023-09-08 01:00:00
683,683,74,32,132,3,2023-02-22 03:00:00,2023-02-22 06:00:00,D-08-03,,2023-02-22 03:00:00
684,684,19,29,52,0,2023-08-26 02:00:00,2023-08-26 07:00:00,D-19-03,,2023-08-26 02:00:00
685,685,478,30,188,5,2023-01-26 04:00:00,2023-01-26 05:00:00,D-14-04,,2023-01-26 04:00:00
686,686,456,28,41,0,2023-02-19 03:00:00,2023-02-19 04:00:00,D-02-04,,2023-02-19 03:00:00
687,687,389,28,214,1,2023-06-17 01:00:00,2023-06-17 03:00:00,B-16-01,,2023-06-17 01:00:00
688,688,99,30,445,2,2023-06-04 03:00:00,2023-06-04 10:00:00,C-18-03,,2023-06-04 03:00:00
689,689,344,29,133,3,2023-03-27 04:00:00,2023-03-27 08:00:00,A-18-04,,2023-03-27 04:00:00
690,690,8,26,155,4,2023-11-18 04:00:00,2023-11-18 12:00:00,A-04-02,,2023-11-18 04:00:00
691,691,180,33,275,6,2023-10-21 01:00:00,2023-10-21 05:00:00,D-20-03,,2023-10-21 01:00:00
692,692,146,35,209,2,2023-11-18 01:00:00,2023-11-18 05:00:00,B-11-01,,2023-11-18 01:00:00
693,693,457,26,116,0,2023-06-30 03:00:00,2023-06-30 06:00:00,C-15-02,,2023-06-30 03:00:00
694,694,242,31,77,0,2023-12-15 03:00:00,2023-12-15 05:00:00,B-06-02,,2023-12-15 03:00:00
695,695,219,30,365,4,2023-07-26 04:00:00,2023-07-26 06:00:00,B-20-05,,2023-07-26 04:00:00
696,696,160,34,436,1,2023-06-21 03:00:00,2023-06-21 04:00:00,A-03-04,,2023-06-21 03:00:00
697,697,239,27,99,1,2023-11-18 02:00:00,2023-11-18 08:00:00,C-02-02,,2023-11-18 02:00:00
698,698,159,29,290,0,2024-01-13 01:00:00,2024-01-13 02:00:00,D-19-01,,2024-01-13 01:00:00
699,699,486,30,236,0,2023-05-03 01:00:00,2023-05-03 02:00:00,D-19-04,,2023-05-03 01:00:00
700,700,94,33,453,5,2024-01-14 02:00:00,2024-01-14 10:00:00,E-09-03,,2024-01-14 02:00:00
701,701,452,28,83,2,2023-06-24 04:00:00,2023-06-24 10:00:00,B-05-03,,2023-06-24 04:00:00
702,702,58,28,145,1,2023-07-24 02:00:00,2023-07-24 08:00:00,A-14-03,,2023-07-24 02:00:00
703,703,179,32,257,3,2023-12-04 02:00:00,2023-12-04 09:00:00,B-12-02,,2023-12-04 02:00:00
704,704,366,31,455,5,2023-03-04 04:00:00,2023-03-04 12:00:00,D-15-03,,2023-03-04 04:00:00
705,705,273,29,172,2,2023-08-31 02:00:00,2023-08-31 06:00:00,B-07-05,,2023-08-31 02:00:00
706,706,125,30,217,5,2023-10-18 03:00:00,2023-10-18 11:00:00,E-14-03,,2023-10-18 03:00:00
707,707,175,26,451,1,2023-04-23 01:00:00,2023-04-23 09:00:00,C-20-04,,2023-04-23 01:00:00
708,708,291,33,138,1,2023-07-01 02:00:00,2023-07-01 09:00:00,E-14-02,,2023-07-01 02:00:00
709,709,343,35,108,0,2023-02-12 02:00:00,2023-02-12 07:00:00,E-05-04,,2023-02-12 02:00:00
710,710,306,33,470,2,2023-09-02 04:00:00,2023-09-02 10:00:00,D-08-02,,2023-09-02 04:00:00
711,711,91,26,356,9,2023-07-08 01:00:00,2023-07-08 03:00:00,A-03-01,,2023-07-08 01:00:00
712,712,351,29,203,2,2023-11-08 01:00:00,2023-11-08 07:00:00,C-07-02,,2023-11-08 01:00:00
713,713,331,30,468,0,2023-12-30 03:00:00,2023-12-30 11:00:00,D-11-02,,2023-12-30 03:00:00
714,714,455,34,437,10,2023-11-21 02:00:00,2023-11-21 05:00:00,B-14-01,,2023-11-21 02:00:00
715,715,339,33,189,3,2023-04-11 04:00:00,2023-04-11 09:00:00,B-04-02,,2023-04-11 04:00:00
716,716,296,26,203,0,2023-08-26 04:00:00,2023-08-26 12:00:00,D-16-02,,2023-08-26 04:00:00
717,717,407,33,417,12,2023-12-24 03:00:00,2023-12-24 11:00:00,E-19-02,,2023-12-24 03:00:00
718,718,177,28,472,13,2023-02-23 03:00:00,2023-02-23 09:00:00,A-12-01,,2023-02-23 03:00:00
719,719,437,30,50,0,2023-06-22 04:00:00,2023-06-22 07:00:00,A-07-03,,2023-06-22 04:00:00
720,720,287,35,493,14,2023-07-07 01:00:00,2023-07-07 07:00:00,E-16-01,,2023-07-07 01:00:00
721,721,121,26,282,1,2023-08-13 03:00:00,2023-08-13 07:00:00,E-09-05,,2023-08-13 03:00:00
722,722,365,32,329,8,2023-07-19 01:00:00,2023-07-19 05:00:00,C-09-04,,2023-07-19 01:00:00
723,723,340,28,334,2,2023-04-06 04:00:00,2023-04-06 06:00:00,C-18-01,,2023-04-06 04:00:00
724,724,432,32,189,0,2023-07-10 01:00:00,2023-07-10 06:00:00,D-07-04,,2023-07-10 01:00:00
725,725,344,32,381,7,2023-03-14 03:00:00,2023-03-14 10:00:00,C-12-05,,2023-03-14 03:00:00
726,726,74,30,93,0,2023-09-08 03:00:00,2023-09-08 08:00:00,E-07-04,,2023-09-08 03:00:00
727,727,329,28,369,10,2023-09-10 01:00:00,2023-09-10 07:00:00,E-04-01,,2023-09-10 01:00:00
728,728,233,27,157,0,2023-10-13 03:00:00,2023-10-13 05:00:00,B-19-02,,2023-10-13 03:00:00
729,729,116,31,208,0,2023-04-07 03:00:00,2023-04-07 05:00:00,B-19-04,,2023-04-07 03:00:00
730,730,434,28,260,0,2023-05-28 01:00:00,2023-05-28 02:00:00,B-07-01,,2023-05-28 01:00:00
731,731,280,27,340,9,2023-10-28 01:00:00,2023-10-28 08:00:00,B-07-01,,2023-10-28 01:00:00
732,732,361,28,403,7,2023-08-04 02:00:00,2023-08-04 10:00:00,B-16-05,,2023-08-04 02:00:00
733,733,73,27,288,6,2023-10-13 01:00:00,2023-10-13 09:00:00,B-17-01,,2023-10-13 01:00:00
734,734,41,28,175,1,2023-10-13 02:00:00,2023-10-13 06:00:00,A-03-02,,2023-10-13 02:00:00
735,735,323,30,357,2,2024-01-06 04:00:00,2024-01-06 09:00:00,E-14-05,,2024-01-06 04:00:00
736,736,277,30,225,1,2023-10-24 03:00:00,2023-10-24 07:00:00,E-01-03,,2023-10-24 03:00:00
737,737,399,32,343,0,2023-01-20 01:00:00,2023-01-20 09:00:00,C-02-05,,2023-01-20 01:00:00
738,738,170,31,198,4,2023-08-08 04:00:00,2023-08-08 05:00:00,A-11-05,,2023-08-08 04:00:00
739,739,19,33,422,7,2024-01-27 01:00:00,2024-01-27 06:00:00,C-15-03,,2024-01-27 01:00:00
740,740,289,35,346,3,2023-06-14 04:00:00,2023-06-14 10:00:00,E-07-02,,2023-06-14 04:00:00
741,741,294,33,464,9,2023-02-20 04:00:00,2023-02-20 12:00:00,D-11-04,,2023-02-20 04:00:00
742,742,320,32,89,0,2023-01-16 04:00:00,2023-01-16 11:00:00,A-05-03,,2023-01-16 04:00:00
743,743,40,28,160,1,2023-06-05 01:00:00,2023-06-05 08:00:00,B-05-05,,2023-06-05 01:00:00
744,744,132,26,352,0,2023-01-17 04:00:00,2023-01-17 07:00:00,C-11-02,,2023-01-17 04:00:00
745,745,78,33,183,0,2023-12-07 03:00:00,2023-12-07 07:00:00,B-16-05,,2023-12-07 03:00:00
746,746,359,27,225,6,2023-05-29 02:00:00,2023-05-29 10:00:00,A-12-01,,2023-05-29 02:00:00
747,747,496,32,418,7,2023-03-20 02:00:00,2023-03-20 06:00:00,E-16-02,,2023-03-20 02:00:00
748,748,386,35,388,11,2023-08-25 02:00:00,2023-08-25 08:00:00,C-20-04,,2023-08-25 02:00:00
749,749,372,35,77,0,2023-12-19 03:00:00,2023-12-19 09:00:00,C-05-03,,2023-12-19 03:00:00
750,750,136,31,158,2,2023-03-04 04:00:00,2023-03-04 08:00:00,B-11-02,,2023-03-04 04:00:00
751,751,155,31,244,6,2023-09-26 04:00:00,2023-09-26 09:00:00,E-11-05,,2023-09-26 04:00:00
752,752,362,29,321,8,2023-07-20 03:00:00,2023-07-20 07:00:00,E-20-02,,2023-07-20 03:00:00
753,753,223,28,245,3,2023-01-18 01:00:00,2023-01-18 07:00:00,E-04-04,,2023-01-18 01:00:00
754,754,162,33,99,0,2023-09-29 04:00:00,2023-09-29 12:00:00,E-09-01,,2023-09-29 04:00:00
755,755,273,29,362,2,2023-12-01 03:00:00,2023-12-01 06:00:00,C-02-04,,2023-12-01 03:00:00
756,756,334,31,460,0,2023-05-27 03:00:00,2023-05-27 11:00:00,E-05-03,,2023-05-27 03:00:00
757,757,131,30,445,4,2023-12-08 02:00:00,2023-12-08 06:00:00,E-20-01,,2023-12-08 02:00:00
758,758,384,26,316,6,2023-05-05 02:00:00,2023-05-05 07:00:00,B-13-04,,2023-05-05 02:00:00
759,759,347,31,330,2,2024-01-05 03:00:00,2024-01-05 04:00:00,A-14-01,,2024-01-05 03:00:00
760,760,345,35,260,7,2023-01-05 02:00:00,2023-01-05 10:00:00,D-18-02,,2023-01-05 02:00:00
761,761,269,33,162,1,2023-02-28 03:00:00,2023-02-28 11:00:00,C-07-05,,2023-02-28 03:00:00
762,762,146,34,367,6,2023-05-11 03:00:00,2023-05-11 04:00:00,A-02-03,,2023-05-11 03:00:00
763,763,30,28,356,1,2023-11-05 04:00:00,2023-11-05 05:00:00,D-11-04,,2023-11-05 04:00:00
764,764,63,26,488,12,2023-12-29 01:00:00,2023-12-29 06:00:00,C-19-05,,2023-12-29 01:00:00
765,765,67,28,65,1,2023-07-20 02:00:00,2023-07-20 10:00:00,A-03-02,,2023-07-20 02:00:00
766,766,95,27,377,1,2023-05-12 02:00:00,2023-05-12 04:00:00,C-12-03,,2023-05-12 02:00:00
767,767,473,32,181,4,2023-06-17 04:00:00,2023-06-17 11:00:00,E-02-05,,2023-06-17 04:00:00
768,768,400,27,245,2,2023-03-01 02:00:00,2023-03-01 04:00:00,B-15-02,,2023-03-01 02:00:00
769,769,171,26,141,3,2023-02-07 02:00:00,2023-02-07 06:00:00,A-18-01,,2023-02-07 02:00:00
770,770,36,28,362,7,2023-10-14 04:00:00,2023-10-14 05:00:00,A-08-02,,2023-10-14 04:00:00
771,771,92,33,213,2,2023-12-03 04:00:00,2023-12-03 11:00:00,A-17-03,,2023-12-03 04:00:00
772,772,221,26,276,5,2023-05-20 04:00:00,2023-05-20 06:00:00,A-07-05,,2023-05-20 04:00:00
773,773,133,34,342,5,2023-02-24 01:00:00,2023-02-24 07:00:00,A-19-03,,2023-02-24 01:00:00
774,774,129,34,83,0,2023-08-22 01:00:00,2023-08-22 06:00:00,C-18-03,,2023-08-22 01:00:00
775,775,328,32,186,4,2023-01-04 03:00:00,2023-01-04 09:00:00,B-11-03,,2023-01-04 03:00:00
776,776,359,29,51,0,2023-08-02 01:00:00,2023-08-02 09:00:00,E-17-04,,2023-08-02 01:00:00
777,777,363,29,482,0,2023-09-23 01:00:00,2023-09-23 05:00:00,B-19-03,,2023-09-23 01:00:00
778,778,400,34,226,2,2023-02-07 01:00:00,2023-02-07 05:00:00,E-09-02,,2023-02-07 01:00:00
779,779,419,31,220,0,2023-09-08 02:00:00,2023-09-08 08:00:00,B-16-04,,2023-09-08 02:00:00
780,780,156,30,237,2,2023-07-25 02:00:00,2023-07-25 10:00:00,D-18-05,,2023-07-25 02:00:00
781,781,437,26,439,8,2023-07-08 02:00:00,2023-07-08 04:00:00,E-04-01,,2023-07-08 02:00:00
782,782,149,35,246,6,2023-12-26 03:00:00,2023-12-26 04:00:00,C-15-04,,2023-12-26 03:00:00
783,783,98,32,237,2,2023-06-03 02:00:00,2023-06-03 09:00:00,C-03-03,,2023-06-03 02:00:00
784,784,184,33,426,3,2023-09-12 01:00:00,2023-09-12 03:00:00,C-05-03,,2023-09-12 01:00:00
785,785,72,26,283,6,2023-01-26 02:00:00,2023-01-26 04:00:00,A-16-02,,2023-01-26 02:00:00
786,786,33,33,323,7,2023-10-12 04:00:00,2023-10-12 09:00:00,C-01-05,,2023-10-12 04:00:00
787,787,416,26,68,1,2023-09-01 02:00:00,2023-09-01 04:00:00,D-13-01,,2023-09-01 02:00:00
788,788,29,27,257,6,2023-06-23 04:00:00,2023-06-23 07:00:00,A-19-01,,2023-06-23 04:00:00
789,789,109,29,373,7,2023-12-07 04:00:00,2023-12-07 08:00:00,C-01-03,,2023-12-07 04:00:00
790,790,448,33,86,1,2023-10-11 01:00:00,2023-10-11 02:00:00,E-14-05,,2023-10-11 01:00:00
791,791,377,31,291,6,2023-03-14 01:00:00,2023-03-14 06:00:00,C-03-05,,2023-03-14 01:00:00
792,792,471,28,57,0,2023-11-19 02:00:00,2023-11-19 08:00:00,C-18-05,,2023-11-19 02:00:00
793,793,324,33,283,5,2023-02-25 04:00:00,2023-02-25 07:00:00,E-13-03,,2023-02-25 04:00:00
794,794,88,35,97,0,2023-11-06 04:00:00,2023-11-06 11:00:00,C-14-01,,2023-11-06 04:00:00
795,795,305,26,268,1,2023-12-07 03:00:00,2023-12-07 11:00:00,D-18-02,,2023-12-07 03:00:00
796,796,416,28,400,11,2023-12-15 02:00:00,2023-12-15 08:00:00,E-06-05,,2023-12-15 02:00:00
797,797,280,34,400,9,2023-03-20 04:00:00,2023-03-20 06:00:00,D-04-05,,2023-03-20 04:00:00
798,798,304,31,190,0,2023-03-30 01:00:00,2023-03-30 06:00:00,E-06-02,,2023-03-30 01:00:00
799,799,388,35,333,3,2023-08-25 03:00:00,2023-08-25 10:00:00,E-13-02,,2023-08-25 03:00:00
800,800,225,26,118,1,2023-06-02 01:00:00,2023-06-02 05:00:00,D-05-02,,2023-06-02 01:00:00
801,801,406,32,56,1,2023-11-24 04:00:00,2023-11-24 07:00:00,A-10-02,,2023-11-24 04:00:00
802,802,250,30,95,0,2023-02-17 01:00:00,2023-02-17 05:00:00,A-01-01,,2023-02-17 01:00:00
803,803,334,32,405,2,2023-11-05 01:00:00,2023-11-05 03:00:00,C-15-01,,2023-11-05 01:00:00
804,804,406,30,105,0,2023-09-30 03:00:00,2023-09-30 09:00:00,D-12-02,,2023-09-30 03:00:00
805,805,139,31,139,2,2023-09-26 04:00:00,2023-09-26 05:00:00,D-02-04,,2023-09-26 04:00:00
806,806,355,35,363,2,2023-01-30 04:00:00,2023-01-30 11:00:00,E-04-04,,2023-01-30 04:00:00
807,807,322,27,335,3,2023-06-07 04:00:00,2023-06-07 05:00:00,D-02-04,,2023-06-07 04:00:00
808,808,99,31,366,5,2023-03-16 01:00:00,2023-03-16 05:00:00,A-15-04,,2023-03-16 01:00:00
809,809,442,29,444,13,2023-10-08 01:00:00,2023-10-08 07:00:00,C-18-04,,2023-10-08 01:00:00
810,810,338,34,107,0,2023-04-18 02:00:00,2023-04-18 03:00:00,E-15-01,,2023-04-18 02:00:00
811,811,77,34,304,2,2024-02-03 04:00:00,2024-02-03 05:00:00,C-19-01,,2024-02-03 04:00:00
812,812,82,31,380,10,2024-01-07 03:00:00,2024-01-07 06:00:00,A-10-05,,2024-01-07 03:00:00
813,813,146,26,365,7,2023-04-21 01:00:00,2023-04-21 05:00:00,D-16-02,,2023-04-21 01:00:00
814,814,456,29,325,7,2023-09-18 02:00:00,2023-09-18 09:00:00,A-10-02,,2023-09-18 02:00:00
815,815,81,28,86,1,2023-02-06 04:00:00,2023-02-06 08:00:00,D-04-01,,2023-02-06 04:00:00
816,816,121,26,264,5,2023-08-23 01:00:00,2023-08-23 09:00:00,D-12-04,,2023-08-23 01:00:00
817,817,383,30,448,12,2023-12-31 03:00:00,2023-12-31 05:00:00,D-16-01,,2023-12-31 03:00:00
818,818,167,33,495,10,2023-05-03 01:00:00,2023-05-03 03:00:00,A-09-03,,2023-05-03 01:00:00
819,819,193,35,77,2,2023-05-02 02:00:00,2023-05-02 04:00:00,A-06-01,,2023-05-02 02:00:00
820,820,224,35,141,0,2023-03-24 03:00:00,2023-03-24 08:00:00,D-03-02,,2023-03-24 03:00:00
821,821,192,32,373,6,2023-03-17 02:00:00,2023-03-17 06:00:00,B-10-02,,2023-03-17 02:00:00
822,822,500,34,66,0,2023-05-21 01:00:00,2023-05-21 03:00:00,E-09-05,,2023-05-21 01:00:00
823,823,292,29,486,12,2023-02-02 02:00:00,2023-02-02 08:00:00,B-16-02,,2023-02-02 02:00:00
824,824,235,34,162,2,2023-08-29 02:00:00,2023-08-29 04:00:00,B-13-05,,2023-08-29 02:00:00
825,825,152,35,216,4,2023-11-12 02:00:00,2023-11-12 04:00:00,D-17-01,,2023-11-12 02:00:00
826,826,438,26,491,9,2023-05-12 04:00:00,2023-05-12 10:00:00,B-09-04,,2023-05-12 04:00:00
827,827,303,32,57,0,2023-09-08 03:00:00,2023-09-08 10:00:00,A-07-03,,2023-09-08 03:00:00
828,828,220,32,346,8,2023-05-12 02:00:00,2023-05-12 05:00:00,D-20-05,,2023-05-12 02:00:00
829,829,457,33,52,1,2023-11-28 02:00:00,2023-11-28 06:00:00,E-17-03,,2023-11-28 02:00:00
830,830,23,28,67,0,2023-02-16 01:00:00,2023-02-16 08:00:00,A-18-01,,2023-02-16 01:00:00
831,831,272,30,281,0,2023-07-26 03:00:00,2023-07-26 10:00:00,C-15-03,,2023-07-26 03:00:00
832,832,124,35,337,9,2023-03-08 04:00:00,2023-03-08 12:00:00,D-19-05,,2023-03-08 04:00:00
833,833,209,31,172,4,2023-04-26 02:00:00,2023-04-26 10:00:00,C-03-04,,2023-04-26 02:00:00
834,834,47,35,132,2,2023-01-11 01:00:00,2023-01-11 06:00:00,C-09-03,,2023-01-11 01:00:00
835,835,236,30,282,2,2023-10-22 03:00:00,2023-10-22 07:00:00,E-07-03,,2023-10-22 03:00:00
836,836,396,29,144,1,2023-04-22 04:00:00,2023-04-22 09:00:00,C-20-04,,2023-04-22 04:00:00
837,837,447,34,490,13,2023-08-06 02:00:00,2023-08-06 07:00:00,B-12-05,,2023-08-06 02:00:00
838,838,37,35,321,7,2023-07-19 02:00:00,2023-07-19 04:00:00,C-08-02,,2023-07-19 02:00:00
839,839,152,33,453,11,2023-08-08 02:00:00,2023-08-08 10:00:00,C-08-04,,2023-08-08 02:00:00
840,840,42,27,313,8,2023-11-14 04:00:00,2023-11-14 10:00:00,B-09-05,,2023-11-14 04:00:00
841,841,346,33,246,7,2023-07-11 04:00:00,2023-07-11 05:00:00,A-07-03,,2023-07-11 04:00:00
842,842,239,32,139,4,2023-11-16 03:00:00,2023-11-16 10:00:00,B-09-01,,2023-11-16 03:00:00
843,843,287,27,120,1,2023-12-28 01:00:00,2023-12-28 09:00:00,D-13-03,,2023-12-28 01:00:00
844,844,123,34,427,1,2023-10-08 01:00:00,2023-10-08 02:00:00,A-09-01,,2023-10-08 01:00:00
845,845,298,26,214,0,2024-01-24 01:00:00,2024-01-24 08:00:00,B-02-05,,2024-01-24 01:00:00
846,846,460,29,191,1,2023-05-21 03:00:00,2023-05-21 08:00:00,D-08-02,,2023-05-21 03:00:00
847,847,33,34,306,5,2023-07-13 03:00:00,2023-07-13 09:00:00,B-05-01,,2023-07-13 03:00:00
848,848,425,26,281,6,2023-03-17 02:00:00,2023-03-17 09:00:00,B-18-05,,2023-03-17 02:00:00
849,849,189,32,92,2,2023-12-25 03:00:00,2023-12-25 11:00:00,A-04-02,,2023-12-25 03:00:00
850,850,453,26,141,1,2023-08-31 02:00:00,2023-08-31 05:00:00,B-09-01,,2023-08-31 02:00:00
851,851,491,27,107,0,2023-02-14 04:00:00,2023-02-14 12:00:00,B-08-01,,2023-02-14 04:00:00
852,852,76,34,316,4,2023-09-15 02:00:00,2023-09-15 09:00:00,E-13-01,,2023-09-15 02:00:00
853,853,12,26,292,1,2023-06-01 04:00:00,2023-06-01 11:00:00,E-11-03,,2023-06-01 04:00:00
854,854,216,35,199,3,2023-08-17 04:00:00,2023-08-17 08:00:00,C-05-01,,2023-08-17 04:00:00
855,855,33,32,413,2,2023-01-19 04:00:00,2023-01-19 08:00:00,B-11-03,,2023-01-19 04:00:00
856,856,331,35,385,8,2023-07-04 02:00:00,2023-07-04 09:00:00,E-16-01,,2023-07-04 02:00:00
857,857,403,31,284,5,2023-06-20 04:00:00,2023-06-20 05:00:00,D-19-03,,2023-06-20 04:00:00
858,858,291,31,137,2,2023-03-26 04:00:00,2023-03-26 11:00:00,A-14-03,,2023-03-26 04:00:00
859,859,134,35,444,4,2023-05-27 03:00:00,2023-05-27 11:00:00,B-06-02,,2023-05-27 03:00:00
860,860,25,29,135,2,2023-03-28 02:00:00,2023-03-28 03:00:00,D-12-01,,2023-03-28 02:00:00
861,861,474,30,143,3,2023-04-02 01:00:00,2023-04-02 02:00:00,C-03-05,,2023-04-02 01:00:00
862,862,430,30,132,1,2024-01-21 04:00:00,2024-01-21 09:00:00,B-08-04,,2024-01-21 04:00:00
863,863,60,34,114,0,2023-02-20 01:00:00,2023-02-20 02:00:00,E-06-03,,2023-02-20 01:00:00
864,864,134,27,390,4,2023-08-02 02:00:00,2023-08-02 06:00:00,A-07-05,,2023-08-02 02:00:00
865,865,177,28,323,0,2023-03-19 02:00:00,2023-03-19 04:00:00,D-18-03,,2023-03-19 02:00:00
866,866,63,34,443,12,2023-01-19 02:00:00,2023-01-19 03:00:00,C-06-03,,2023-01-19 02:00:00
867,867,486,28,41,1,2023-09-23 04:00:00,2023-09-23 07:00:00,B-02-04,,2023-09-23 04:00:00
868,868,280,28,202,3,2023-09-21 03:00:00,2023-09-21 08:00:00,D-08-04,,2023-09-21 03:00:00
869,869,149,26,223,4,2023-10-29 02:00:00,2023-10-29 03:00:00,A-13-02,,2023-10-29 02:00:00
870,870,58,34,397,6,2023-09-06 04:00:00,2023-09-06 11:00:00,E-18-04,,2023-09-06 04:00:00
871,871,60,28,278,5,2023-06-19 03:00:00,2023-06-19 10:00:00,C-17-04,,2023-06-19 03:00:00
872,872,48,30,348,5,2023-06-19 01:00:00,2023-06-19 05:00:00,A-20-03,,2023-06-19 01:00:00
873,873,114,31,325,8,2023-06-03 04:00:00,2023-06-03 11:00:00,C-12-01,,2023-06-03 04:00:00
874,874,229,28,312,7,2023-12-21 02:00:00,2023-12-21 09:00:00,B-15-05,,2023-12-21 02:00:00
875,875,100,30,391,3,2023-09-14 02:00:00,2023-09-14 05:00:00,A-08-04,,2023-09-14 02:00:00
876,876,204,32,239,3,2023-03-21 04:00:00,2023-03-21 10:00:00,B-15-02,,2023-03-21 04:00:00
877,877,191,33,144,0,2023-01-14 01:00:00,2023-01-14 06:00:00,C-02-03,,2023-01-14 01:00:00
878,878,448,33,405,10,2023-11-11 01:00:00,2023-11-11 06:00:00,C-17-05,,2023-11-11 01:00:00
879,879,412,30,423,12,2023-08-23 04:00:00,2023-08-23 06:00:00,C-11-02,,2023-08-23 04:00:00
880,880,213,29,81,2,2023-03-18 02:00:00,2023-03-18 07:00:00,A-01-05,,2023-03-18 02:00:00
881,881,156,31,221,2,2023-09-28 04:00:00,2023-09-28 11:00:00,C-20-04,,2023-09-28 04:00:00
882,882,478,34,53,0,2023-11-02 01:00:00,2023-11-02 03:00:00,D-16-04,,2023-11-02 01:00:00
883,883,328,30,413,9,2023-05-28 01:00:00,2023-05-28 04:00:00,D-11-04,,2023-05-28 01:00:00
884,884,387,32,198,4,2023-03-22 02:00:00,2023-03-22 04:00:00,E-13-03,,2023-03-22 02:00:00
885,885,252,29,477,0,2023-02-04 01:00:00,2023-02-04 04:00:00,B-14-05,,2023-02-04 01:00:00
886,886,156,29,164,4,2023-09-20 02:00:00,2023-09-20 09:00:00,E-19-03,,2023-09-20 02:00:00
887,887,406,33,377,0,2023-01-04 01:00:00,2023-01-04 06:00:00,D-03-02,,2023-01-04 01:00:00
888,888,326,31,174,3,2023-09-09 01:00:00,2023-09-09 03:00:00,D-11-05,,2023-09-09 01:00:00
889,889,252,34,107,0,2024-01-10 03:00:00,2024-01-10 09:00:00,E-05-05,,2024-01-10 03:00:00
890,890,142,30,356,8,2023-10-15 02:00:00,2023-10-15 06:00:00,A-14-04,,2023-10-15 02:00:00
891,891,186,30,494,7,2023-10-30 04:00:00,2023-10-30 11:00:00,A-19-03,,2023-10-30 04:00:00
892,892,322,27,241,1,2023-12-21 02:00:00,2023-12-21 06:00:00,B-15-02,,2023-12-21 02:00:00
893,893,376,30,133,2,2023-11-04 04:00:00,2023-11-04 11:00:00,D-19-03,,2023-11-04 04:00:00
894,894,30,32,232,1,2023-03-24 04:00:00,2023-03-24 06:00:00,C-02-04,,2023-03-24 04:00:00
895,895,28,29,48,0,2023-06-13 01:00:00,2023-06-13 07:00:00,C-04-03,,2023-06-13 01:00:00
896,896,150,30,313,9,2023-10-02 04:00:00,2023-10-02 08:00:00,D-14-02,,2023-10-02 04:00:00
897,897,393,32,356,8,2023-11-24 03:00:00,2023-11-24 06:00:00,E-11-05,,2023-11-24 03:00:00
898,898,86,27,302,0,2023-11-05 01:00:00,2023-11-05 04:00:00,E-14-04,,2023-11-05 01:00:00
899,899,351,26,90,1,2023-06-14 02:00:00,2023-06-14 03:00:00,A-16-02,,2023-06-14 02:00:00
900,900,297,28,120,3,2023-07-11 03:00:00,2023-07-11 09:00:00,E-03-01,,2023-07-11 03:00:00
901,901,145,28,163,0,2023-07-24 01:00:00,2023-07-24 02:00:00,E-01-02,,2023-07-24 01:00:00
902,902,467,35,282,4,2023-03-31 03:00:00,2023-03-31 08:00:00,E-17-01,,2023-03-31 03:00:00
903,903,426,35,263,0,2023-04-13 03:00:00,2023-04-13 06:00:00,E-04-04,,2023-04-13 03:00:00
904,904,470,31,58,0,2023-03-06 04:00:00,2023-03-06 10:00:00,B-16-04,,2023-03-06 04:00:00
905,905,179,29,336,6,2023-07-04 04:00:00,2023-07-04 11:00:00,B-10-03,,2023-07-04 04:00:00
906,906,456,27,138,0,2023-11-28 02:00:00,2023-11-28 03:00:00,A-02-05,,2023-11-28 02:00:00
907,907,156,31,163,4,2023-01-17 02:00:00,2023-01-17 05:00:00,A-10-03,,2023-01-17 02:00:00
908,908,439,30,207,4,2024-01-14 04:00:00,2024-01-14 11:00:00,A-18-05,,2024-01-14 04:00:00
909,909,108,31,274,3,2023-04-17 01:00:00,2023-04-17 07:00:00,B-13-02,,2023-04-17 01:00:00
910,910,402,32,437,0,2023-03-30 03:00:00,2023-03-30 10:00:00,B-16-04,,2023-03-30 03:00:00
911,911,22,35,290,7,2023-04-16 04:00:00,2023-04-16 07:00:00,C-14-03,,2023-04-16 04:00:00
912,912,466,31,262,6,2023-05-15 02:00:00,2023-05-15 07:00:00,D-03-04,,2023-05-15 02:00:00
913,913,387,32,350,9,2023-02-20 02:00:00,2023-02-20 10:00:00,C-07-02,,2023-02-20 02:00:00
914,914,103,26,96,0,2023-04-10 03:00:00,2023-04-10 09:00:00,E-12-03,,2023-04-10 03:00:00
915,915,434,30,230,5,2023-06-30 02:00:00,2023-06-30 06:00:00,B-11-05,,2023-06-30 02:00:00
916,916,438,34,308,8,2023-10-07 02:00:00,2023-10-07 09:00:00,A-15-05,,2023-10-07 02:00:00
917,917,35,32,320,9,2023-02-27 04:00:00,2023-02-27 05:00:00,C-11-01,,2023-02-27 04:00:00
918,918,367,35,436,12,2023-04-25 01:00:00,2023-04-25 09:00:00,D-15-05,,2023-04-25 01:00:00
919,919,3,29,485,4,2023-03-24 02:00:00,2023-03-24 10:00:00,C-10-01,,2023-03-24 02:00:00
920,920,244,26,275,4,2023-07-10 04:00:00,2023-07-10 09:00:00,A-17-02,,2023-07-10 04:00:00
921,921,491,27,244,6,2023-02-26 02:00:00,2023-02-26 09:00:00,A-14-01,,2023-02-26 02:00:00
922,922,110,26,310,7,2023-09-26 04:00:00,2023-09-26 05:00:00,E-10-05,,2023-09-26 04:00:00
923,923,64,31,303,5,2023-08-29 03:00:00,2023-08-29 05:00:00,B-13-05,,2023-08-29 03:00:00
924,924,185,33,92,1,2024-01-24 01:00:00,2024-01-24 08:00:00,A-11-02,,2024-01-24 01:00:00
925,925,253,28,357,1,2023-03-05 03:00:00,2023-03-05 06:00:00,C-09-04,,2023-03-05 03:00:00
926,926,160,27,112,0,2024-01-08 01:00:00,2024-01-08 06:00:00,C-18-05,,2024-01-08 01:00:00
927,927,209,28,146,0,2023-06-27 01:00:00,2023-06-27 02:00:00,B-03-03,,2023-06-27 01:00:00
928,928,36,35,141,1,2023-09-25 01:00:00,2023-09-25 09:00:00,E-04-04,,2023-09-25 01:00:00
929,929,346,34,274,0,2023-09-12 01:00:00,2023-09-12 07:00:00,B-13-02,,2023-09-12 01:00:00
930,930,338,28,222,6,2023-12-25 01:00:00,2023-12-25 03:00:00,B-05-03,,2023-12-25 01:00:00
931,931,356,32,83,1,2023-11-14 02:00:00,2023-11-14 10:00:00,C-01-03,,2023-11-14 02:00:00
932,932,500,33,112,1,2023-04-16 04:00:00,2023-04-16 08:00:00,B-07-05,,2023-04-16 04:00:00
933,933,430,32,441,9,2023-08-14 01:00:00,2023-08-14 05:00:00,D-18-04,,2023-08-14 01:00:00
934,934,393,35,232,2,2023-10-30 01:00:00,2023-10-30 02:00:00,D-07-01,,2023-10-30 01:00:00
935,935,342,33,311,9,2023-12-19 03:00:00,2023-12-19 09:00:00,D-01-03,,2023-12-19 03:00:00
936,936,76,34,300,7,2023-08-26 01:00:00,2023-08-26 04:00:00,D-16-05,,2023-08-26 01:00:00
937,937,119,32,100,1,2023-12-17 01:00:00,2023-12-17 07:00:00,B-10-05,,2023-12-17 01:00:00
938,938,28,28,141,3,2023-02-06 01:00:00,2023-02-06 06:00:00,B-09-04,,2023-02-06 01:00:00
939,939,310,30,368,9,2023-12-21 01:00:00,2023-12-21 07:00:00,A-16-03,,2023-12-21 01:00:00
940,940,50,34,455,0,2023-02-19 03:00:00,2023-02-19 09:00:00,B-03-02,,2023-02-19 03:00:00
941,941,104,31,308,7,2023-06-27 03:00:00,2023-06-27 05:00:00,A-09-03,,2023-06-27 03:00:00
942,942,278,34,296,1,2023-06-28 01:00:00,2023-06-28 05:00:00,A-09-03,,2023-06-28 01:00:00
943,943,221,32,486,13,2023-03-04 01:00:00,2023-03-04 06:00:00,E-10-01,,2023-03-04 01:00:00
944,944,227,28,335,0,2023-08-30 04:00:00,2023-08-30 06:00:00,C-09-01,,2023-08-30 04:00:00
945,945,441,31,301,8,2023-06-06 01:00:00,2023-06-06 03:00:00,D-02-04,,2023-06-06 01:00:00
946,946,69,28,441,1,2023-06-17 02:00:00,2023-06-17 06:00:00,A-11-02,,2023-06-17 02:00:00
947,947,292,28,293,5,2023-12-18 01:00:00,2023-12-18 02:00:00,D-07-02,,2023-12-18 01:00:00
948,948,438,35,184,4,2023-04-05 02:00:00,2023-04-05 09:00:00,A-17-03,,2023-04-05 02:00:00
949,949,303,32,442,10,2023-08-08 02:00:00,2023-08-08 10:00:00,E-08-01,,2023-08-08 02:00:00
950,950,165,35,115,2,2023-02-04 02:00:00,2023-02-04 07:00:00,C-05-04,,2023-02-04 02:00:00
951,951,188,30,441,7,2023-07-06 03:00:00,2023-07-06 07:00:00,E-04-04,,2023-07-06 03:00:00
952,952,321,28,226,3,2023-07-02 01:00:00,2023-07-02 08:00:00,E-07-03,,2023-07-02 01:00:00
953,953,211,29,176,4,2023-07-01 01:00:00,2023-07-01 05:00:00,B-02-02,,2023-07-01 01:00:00
954,954,332,35,494,10,2023-06-15 04:00:00,2023-06-15 07:00:00,B-09-01,,2023-06-15 04:00:00
955,955,59,29,69,0,2023-06-27 01:00:00,2023-06-27 02:00:00,D-04-03,,2023-06-27 01:00:00
956,956,337,34,186,0,2023-09-01 01:00:00,2023-09-01 07:00:00,C-14-04,,2023-09-01 01:00:00
957,957,357,29,243,3,2023-08-31 02:00:00,2023-08-31 05:00:00,B-13-03,,2023-08-31 02:00:00
958,958,200,30,94,1,2023-06-25 04:00:00,2023-06-25 12:00:00,C-14-01,,2023-06-25 04:00:00
959,959,346,29,135,1,2023-04-20 01:00:00,2023-04-20 02:00:00,D-17-03,,2023-04-20 01:00:00
960,960,154,26,304,8,2023-07-24 02:00:00,2023-07-24 07:00:00,C-06-04,,2023-07-24 02:00:00
961,961,434,33,197,4,2023-02-09 01:00:00,2023-02-09 09:00:00,C-10-02,,2023-02-09 01:00:00
962,962,25,29,461,11,2023-06-22 04:00:00,2023-06-22 11:00:00,C-06-04,,2023-06-22 04:00:00
963,963,320,34,353,1,2023-02-23 02:00:00,2023-02-23 10:00:00,D-08-05,,2023-02-23 02:00:00
964,964,140,30,268,1,2023-02-08 03:00:00,2023-02-08 09:00:00,E-09-01,,2023-02-08 03:00:00
965,965,178,29,246,2,2023-02-17 04:00:00,2023-02-17 05:00:00,A-19-01,,2023-02-17 04:00:00
966,966,154,26,106,0,2023-09-09 02:00:00,2023-09-09 10:00:00,E-01-02,,2023-09-09 02:00:00
967,967,206,28,393,8,2023-05-17 04:00:00,2023-05-17 10:00:00,A-16-02,,2023-05-17 04:00:00
968,968,281,32,491,4,2023-05-22 04:00:00,2023-05-22 09:00:00,C-19-02,,2023-05-22 04:00:00
969,969,296,29,187,5,2023-10-08 03:00:00,2023-10-08 05:00:00,D-16-05,,2023-10-08 03:00:00
970,970,327,33,246,6,2023-10-08 03:00:00,2023-10-08 11:00:00,B-18-03,,2023-10-08 03:00:00
971,971,321,29,286,8,2023-02-04 01:00:00,2023-02-04 03:00:00,A-19-02,,2023-02-04 01:00:00
972,972,124,34,482,0,2023-04-12 04:00:00,2023-04-12 11:00:00,E-03-01,,2023-04-12 04:00:00
973,973,211,30,374,1,2023-06-18 02:00:00,2023-06-18 06:00:00,C-04-01,,2023-06-18 02:00:00
974,974,434,27,380,6,2023-08-08 01:00:00,2023-08-08 06:00:00,E-15-02,,2023-08-08 01:00:00
975,975,132,29,172,1,2024-01-12 01:00:00,2024-01-12 03:00:00,C-20-05,,2024-01-12 01:00:00
976,976,77,31,287,5,2023-04-14 02:00:00,2023-04-14 03:00:00,D-07-04,,2023-04-14 02:00:00
977,977,287,31,153,2,2023-09-05 02:00:00,2023-09-05 07:00:00,A-14-03,,2023-09-05 02:00:00
978,978,140,30,387,6,2023-04-04 02:00:00,2023-04-04 03:00:00,A-19-01,,2023-04-04 02:00:00
979,979,91,29,450,11,2023-12-27 02:00:00,2023-12-27 03:00:00,B-07-02,,2023-12-27 02:00:00
980,980,29,27,493,6,2023-02-14 04:00:00,2023-02-14 08:00:00,E-05-01,,2023-02-14 04:00:00
981,981,462,28,253,5,2023-07-31 03:00:00,2023-07-31 08:00:00,D-05-01,,2023-07-31 03:00:00
982,982,371,27,317,0,2023-03-21 03:00:00,2023-03-21 04:00:00,E-06-04,,2023-03-21 03:00:00
983,983,425,29,304,1,2023-10-27 01:00:00,2023-10-27 04:00:00,D-04-04,,2023-10-27 01:00:00
984,984,47,35,218,1,2023-05-09 03:00:00,2023-05-09 11:00:00,B-20-05,,2023-05-09 03:00:00
985,985,300,35,266,3,2023-07-28 02:00:00,2023-07-28 10:00:00,C-11-03,,2023-07-28 02:00:00
986,986,74,34,275,6,2023-03-04 01:00:00,2023-03-04 05:00:00,D-10-04,,2023-03-04 01:00:00
987,987,131,27,408,1,2023-11-05 01:00:00,2023-11-05 04:00:00,A-08-05,,2023-11-05 01:00:00
988,988,163,29,192,2,2023-10-11 02:00:00,2023-10-11 03:00:00,E-06-05,,2023-10-11 02:00:00
989,989,402,27,470,3,2023-03-23 01:00:00,2023-03-23 03:00:00,B-18-05,,2023-03-23 01:00:00
990,990,11,28,480,7,2023-12-06 03:00:00,2023-12-06 08:00:00,C-18-02,,2023-12-06 03:00:00
991,991,340,28,179,2,2023-01-31 02:00:00,2023-01-31 05:00:00,B-03-05,,2023-01-31 02:00:00
992,992,197,31,465,0,2023-06-21 01:00:00,2023-06-21 07:00:00,D-06-03,,2023-06-21 01:00:00
993,993,63,28,248,5,2023-10-04 01:00:00,2023-10-04 02:00:00,A-03-03,,2023-10-04 01:00:00
994,994,466,33,204,4,2023-08-03 01:00:00,2023-08-03 03:00:00,B-16-01,,2023-08-03 01:00:00
995,995,480,31,274,4,2023-05-05 03:00:00,2023-05-05 04:00:00,E-01-02,,2023-05-05 03:00:00
996,996,163,34,190,3,2023-11-26 03:00:00,2023-11-26 08:00:00,C-06-01,,2023-11-26 03:00:00
997,997,42,28,400,6,2023-09-20 04:00:00,2023-09-20 09:00:00,D-17-01,,2023-09-20 04:00:00
998,998,368,34,472,10,2023-08-06 01:00:00,2023-08-06 07:00:00,D-16-01,,2023-08-06 01:00:00
999,999,358,31,265,0,2023-06-07 01:00:00,2023-06-07 02:00:00,C-08-04,,2023-06-07 01:00:00
1000,1000,374,27,405,1,2023-10-18 03:00:00,2023-10-18 06:00:00,D-13-05,,2023-10-18 03:00:00
1001,1001,391,31,372,1,2023-01-28 03:00:00,2023-01-28 07:00:00,C-12-01,,2023-01-28 03:00:00
1002,1002,406,26,152,0,2023-12-22 04:00:00,2023-12-22 05:00:00,E-02-04,,2023-12-22 04:00:00
1003,1003,157,28,130,0,2023-06-10 04:00:00,2023-06-10 10:00:00,A-20-05,,2023-06-10 04:00:00
1004,1004,265,27,455,0,2023-12-08 01:00:00,2023-12-08 03:00:00,D-09-05,,2023-12-08 01:00:00
1005,1005,232,33,175,3,2023-09-04 03:00:00,2023-09-04 08:00:00,B-18-04,,2023-09-04 03:00:00
1006,1006,352,28,105,0,2023-11-24 02:00:00,2023-11-24 04:00:00,D-09-02,,2023-11-24 02:00:00
1007,1007,213,30,477,2,2023-07-14 04:00:00,2023-07-14 09:00:00,B-17-05,,2023-07-14 04:00:00
1008,1008,293,32,335,1,2023-04-30 02:00:00,2023-04-30 09:00:00,B-12-05,,2023-04-30 02:00:00
1009,1009,314,30,286,2,2023-11-17 03:00:00,2023-11-17 05:00:00,D-02-04,,2023-11-17 03:00:00
1010,1010,135,29,215,1,2024-01-01 03:00:00,2024-01-01 08:00:00,A-06-04,,2024-01-01 03:00:00
1011,1011,220,33,238,2,2023-11-11 02:00:00,2023-11-11 07:00:00,B-01-01,,2023-11-11 02:00:00
1012,1012,485,34,445,5,2023-11-12 03:00:00,2023-11-12 08:00:00,E-19-05,,2023-11-12 03:00:00
1013,1013,476,34,66,0,2023-08-29 01:00:00,2023-08-29 07:00:00,B-18-05,,2023-08-29 01:00:00
1014,1014,366,31,197,5,2023-04-23 03:00:00,2023-04-23 06:00:00,D-20-01,,2023-04-23 03:00:00
1015,1015,254,29,357,7,2023-07-18 01:00:00,2023-07-18 06:00:00,B-07-02,,2023-07-18 01:00:00
1016,1016,422,28,243,1,2023-06-01 03:00:00,2023-06-01 09:00:00,A-13-02,,2023-06-01 03:00:00
1017,1017,210,35,107,2,2023-04-09 04:00:00,2023-04-09 12:00:00,A-18-01,,2023-04-09 04:00:00
1018,1018,231,31,64,0,2023-05-18 02:00:00,2023-05-18 10:00:00,B-05-04,,2023-05-18 02:00:00
1019,1019,241,33,246,3,2023-03-13 01:00:00,2023-03-13 03:00:00,A-20-05,,2023-03-13 01:00:00
1020,1020,366,34,87,0,2023-07-24 04:00:00,2023-07-24 06:00:00,D-17-04,,2023-07-24 04:00:00
1021,1021,286,26,291,4,2023-02-04 01:00:00,2023-02-04 02:00:00,B-07-01,,2023-02-04 01:00:00
1022,1022,182,34,52,0,2023-11-18 04:00:00,2023-11-18 06:00:00,E-05-05,,2023-11-18 04:00:00
1023,1023,259,27,273,3,2023-11-20 04:00:00,2023-11-20 12:00:00,C-10-05,,2023-11-20 04:00:00
1024,1024,68,28,174,4,2023-10-16 02:00:00,2023-10-16 09:00:00,C-20-03,,2023-10-16 02:00:00
1025,1025,258,29,73,1,2023-10-21 01:00:00,2023-10-21 06:00:00,A-18-03,,2023-10-21 01:00:00
1026,1026,163,29,183,2,2024-01-03 03:00:00,2024-01-03 04:00:00,E-05-04,,2024-01-03 03:00:00
1027,1027,161,30,496,10,2023-02-15 02:00:00,2023-02-15 05:00:00,A-08-04,,2023-02-15 02:00:00
1028,1028,144,34,498,6,2023-07-26 01:00:00,2023-07-26 06:00:00,A-10-02,,2023-07-26 01:00:00
1029,1029,314,33,134,3,2023-05-22 01:00:00,2023-05-22 07:00:00,A-11-02,,2023-05-22 01:00:00
1030,1030,378,26,256,7,2023-09-11 01:00:00,2023-09-11 03:00:00,A-05-04,,2023-09-11 01:00:00
1031,1031,473,35,74,1,2023-12-14 01:00:00,2023-12-14 05:00:00,C-13-04,,2023-12-14 01:00:00
1032,1032,77,31,290,7,2023-02-03 01:00:00,2023-02-03 08:00:00,B-15-01,,2023-02-03 01:00:00
1033,1033,84,32,206,5,2023-12-31 02:00:00,2023-12-31 07:00:00,C-12-01,,2023-12-31 02:00:00
1034,1034,227,28,298,1,2023-07-24 01:00:00,2023-07-24 09:00:00,D-14-05,,2023-07-24 01:00:00
1035,1035,253,30,113,3,2023-04-01 03:00:00,2023-04-01 08:00:00,A-04-02,,2023-04-01 03:00:00
1036,1036,48,33,287,4,2023-04-17 04:00:00,2023-04-17 08:00:00,C-10-02,,2023-04-17 04:00:00
1037,1037,384,31,332,7,2023-10-11 02:00:00,2023-10-11 09:00:00,A-07-02,,2023-10-11 02:00:00
1038,1038,270,26,176,0,2023-10-20 01:00:00,2023-10-20 07:00:00,D-01-05,,2023-10-20 01:00:00
1039,1039,256,26,63,1,2024-01-12 01:00:00,2024-01-12 06:00:00,C-19-02,,2024-01-12 01:00:00
1040,1040,349,35,352,4,2023-12-20 03:00:00,2023-12-20 06:00:00,D-20-05,,2023-12-20 03:00:00
1041,1041,488,33,48,0,2023-03-02 04:00:00,2023-03-02 09:00:00,E-20-05,,2023-03-02 04:00:00
1042,1042,236,29,371,5,2024-01-04 02:00:00,2024-01-04 08:00:00,E-13-05,,2024-01-04 02:00:00
1043,1043,305,35,385,6,2023-12-06 03:00:00,2023-12-06 04:00:00,E-10-05,,2023-12-06 03:00:00
1044,1044,487,30,158,4,2023-08-28 02:00:00,2023-08-28 06:00:00,A-06-02,,2023-08-28 02:00:00
1045,1045,25,32,430,10,2023-12-04 04:00:00,2023-12-04 11:00:00,E-18-01,,2023-12-04 04:00:00
1046,1046,281,32,180,0,2023-11-11 04:00:00,2023-11-11 07:00:00,D-04-04,,2023-11-11 04:00:00
1047,1047,123,35,81,1,2023-08-16 02:00:00,2023-08-16 07:00:00,E-08-05,,2023-08-16 02:00:00
1048,1048,400,26,111,2,2023-08-01 03:00:00,2023-08-01 07:00:00,E-05-05,,2023-08-01 03:00:00
1049,1049,252,35,393,9,2023-08-15 03:00:00,2023-08-15 10:00:00,A-05-05,,2023-08-15 03:00:00
1050,1050,68,28,312,0,2023-07-12 02:00:00,2023-07-12 09:00:00,E-12-05,,2023-07-12 02:00:00
1051,1051,251,29,187,1,2023-09-12 04:00:00,2023-09-12 11:00:00,C-14-01,,2023-09-12 04:00:00
1052,1052,308,31,465,6,2023-08-15 04:00:00,2023-08-15 06:00:00,B-07-05,,2023-08-15 04:00:00
1053,1053,315,34,97,2,2023-04-10 01:00:00,2023-04-10 06:00:00,B-09-04,,2023-04-10 01:00:00
1054,1054,263,33,381,6,2023-07-06 03:00:00,2023-07-06 08:00:00,A-01-02,,2023-07-06 03:00:00
1055,1055,366,27,198,0,2023-03-21 04:00:00,2023-03-21 11:00:00,D-03-01,,2023-03-21 04:00:00
1056,1056,224,26,182,2,2023-03-26 01:00:00,2023-03-26 03:00:00,B-20-03,,2023-03-26 01:00:00
1057,1057,66,27,317,0,2024-01-20 01:00:00,2024-01-20 06:00:00,A-10-05,,2024-01-20 01:00:00
1058,1058,152,28,52,0,2023-10-24 02:00:00,2023-10-24 06:00:00,E-15-04,,2023-10-24 02:00:00
1059,1059,56,33,287,3,2023-09-30 03:00:00,2023-09-30 08:00:00,A-16-04,,2023-09-30 03:00:00
1060,1060,369,28,180,2,2023-10-21 01:00:00,2023-10-21 09:00:00,B-13-04,,2023-10-21 01:00:00
1061,1061,42,28,141,1,2023-09-25 01:00:00,2023-09-25 09:00:00,D-13-01,,2023-09-25 01:00:00
1062,1062,94,34,498,13,2023-08-21 01:00:00,2023-08-21 06:00:00,A-13-05,,2023-08-21 01:00:00
1063,1063,153,28,437,12,2023-06-15 02:00:00,2023-06-15 06:00:00,D-08-01,,2023-06-15 02:00:00
1064,1064,231,33,358,7,2023-11-18 02:00:00,2023-11-18 06:00:00,C-13-01,,2023-11-18 02:00:00
1065,1065,96,35,496,1,2023-05-19 01:00:00,2023-05-19 05:00:00,B-04-01,,2023-05-19 01:00:00
1066,1066,55,28,252,2,2023-08-11 02:00:00,2023-08-11 09:00:00,B-17-03,,2023-08-11 02:00:00
1067,1067,7,33,404,6,2023-04-04 03:00:00,2023-04-04 10:00:00,A-07-02,,2023-04-04 03:00:00
1068,1068,445,28,205,4,2023-12-28 03:00:00,2023-12-28 08:00:00,C-19-01,,2023-12-28 03:00:00
1069,1069,417,32,334,1,2023-11-22 04:00:00,2023-11-22 09:00:00,E-02-01,,2023-11-22 04:00:00
1070,1070,45,32,107,3,2023-03-10 02:00:00,2023-03-10 10:00:00,B-09-01,,2023-03-10 02:00:00
1071,1071,9,28,157,0,2024-01-05 02:00:00,2024-01-05 10:00:00,D-17-02,,2024-01-05 02:00:00
1072,1072,333,27,481,12,2023-04-12 01:00:00,2023-04-12 09:00:00,E-18-02,,2023-04-12 01:00:00
1073,1073,440,33,444,3,2023-10-05 04:00:00,2023-10-05 07:00:00,E-18-03,,2023-10-05 04:00:00
1074,1074,76,29,135,2,2023-09-24 04:00:00,2023-09-24 08:00:00,D-08-05,,2023-09-24 04:00:00
1075,1075,79,35,270,1,2024-01-03 03:00:00,2024-01-03 10:00:00,A-11-02,,2024-01-03 03:00:00
1076,1076,441,32,200,5,2023-08-20 01:00:00,2023-08-20 09:00:00,E-18-04,,2023-08-20 01:00:00
1077,1077,425,29,102,3,2023-07-27 04:00:00,2023-07-27 12:00:00,A-13-04,,2023-07-27 04:00:00
1078,1078,434,28,342,8,2023-08-30 01:00:00,2023-08-30 07:00:00,A-13-05,,2023-08-30 01:00:00
1079,1079,306,27,299,7,2023-10-24 02:00:00,2023-10-24 06:00:00,C-11-02,,2023-10-24 02:00:00
1080,1080,249,30,145,2,2023-09-28 01:00:00,2023-09-28 07:00:00,E-15-01,,2023-09-28 01:00:00
1081,1081,32,31,333,1,2023-10-02 01:00:00,2023-10-02 04:00:00,A-19-02,,2023-10-02 01:00:00
1082,1082,138,35,109,3,2023-12-04 01:00:00,2023-12-04 06:00:00,B-14-05,,2023-12-04 01:00:00
1083,1083,319,26,60,1,2023-12-24 01:00:00,2023-12-24 04:00:00,B-02-03,,2023-12-24 01:00:00
1084,1084,148,30,146,1,2023-05-04 04:00:00,2023-05-04 09:00:00,E-10-02,,2023-05-04 04:00:00
1085,1085,113,34,261,5,2023-11-23 01:00:00,2023-11-23 03:00:00,C-12-04,,2023-11-23 01:00:00
1086,1086,432,29,420,12,2023-12-13 01:00:00,2023-12-13 09:00:00,A-12-02,,2023-12-13 01:00:00
1087,1087,200,30,345,4,2023-08-06 02:00:00,2023-08-06 05:00:00,A-20-04,,2023-08-06 02:00:00
1088,1088,410,33,403,0,2023-04-19 01:00:00,2023-04-19 09:00:00,D-20-05,,2023-04-19 01:00:00
1089,1089,45,34,152,0,2023-12-11 04:00:00,2023-12-11 12:00:00,B-05-03,,2023-12-11 04:00:00
1090,1090,311,28,302,4,2023-10-04 01:00:00,2023-10-04 07:00:00,E-01-04,,2023-10-04 01:00:00
1091,1091,121,32,233,5,2023-04-21 03:00:00,2023-04-21 04:00:00,C-01-03,,2023-04-21 03:00:00
1092,1092,134,30,473,8,2023-07-08 04:00:00,2023-07-08 05:00:00,A-04-02,,2023-07-08 04:00:00
1093,1093,458,32,148,3,2023-09-23 03:00:00,2023-09-23 08:00:00,C-06-05,,2023-09-23 03:00:00
1094,1094,59,29,299,3,2023-11-19 02:00:00,2023-11-19 08:00:00,E-10-02,,2023-11-19 02:00:00
1095,1095,175,35,127,0,2023-07-06 03:00:00,2023-07-06 10:00:00,B-07-05,,2023-07-06 03:00:00
1096,1096,354,33,301,1,2023-09-29 01:00:00,2023-09-29 07:00:00,B-18-03,,2023-09-29 01:00:00
1097,1097,475,35,104,2,2023-08-13 04:00:00,2023-08-13 07:00:00,E-06-04,,2023-08-13 04:00:00
1098,1098,313,27,471,9,2023-12-07 03:00:00,2023-12-07 09:00:00,A-08-05,,2023-12-07 03:00:00
1099,1099,22,32,495,5,2023-09-28 03:00:00,2023-09-28 04:00:00,D-17-03,,2023-09-28 03:00:00
1100,1100,467,26,336,0,2023-07-13 03:00:00,2023-07-13 11:00:00,C-09-02,,2023-07-13 03:00:00
1101,1101,391,33,128,2,2023-10-11 01:00:00,2023-10-11 03:00:00,A-16-05,,2023-10-11 01:00:00
1102,1102,187,31,484,2,2023-06-21 03:00:00,2023-06-21 07:00:00,C-02-01,,2023-06-21 03:00:00
1103,1103,225,31,175,1,2023-08-07 03:00:00,2023-08-07 08:00:00,D-04-03,,2023-08-07 03:00:00
1104,1104,415,33,93,0,2023-09-09 02:00:00,2023-09-09 08:00:00,E-07-04,,2023-09-09 02:00:00
1105,1105,191,26,127,3,2023-08-05 01:00:00,2023-08-05 05:00:00,D-15-03,,2023-08-05 01:00:00
1106,1106,386,31,120,2,2023-10-28 02:00:00,2023-10-28 04:00:00,C-03-01,,2023-10-28 02:00:00
1107,1107,220,28,486,5,2023-09-16 01:00:00,2023-09-16 09:00:00,E-02-05,,2023-09-16 01:00:00
1108,1108,407,34,276,0,2023-12-27 03:00:00,2023-12-27 06:00:00,B-17-05,,2023-12-27 03:00:00
1109,1109,395,26,68,0,2023-01-28 02:00:00,2023-01-28 08:00:00,E-14-04,,2023-01-28 02:00:00
1110,1110,162,30,254,4,2023-08-05 04:00:00,2023-08-05 12:00:00,E-15-03,,2023-08-05 04:00:00
1111,1111,202,32,224,4,2023-01-20 03:00:00,2023-01-20 08:00:00,E-11-05,,2023-01-20 03:00:00
1112,1112,324,35,240,2,2023-12-07 03:00:00,2023-12-07 06:00:00,E-05-03,,2023-12-07 03:00:00
1113,1113,454,26,409,9,2023-12-22 04:00:00,2023-12-22 10:00:00,A-05-01,,2023-12-22 04:00:00
1114,1114,161,29,320,7,2023-06-30 03:00:00,2023-06-30 07:00:00,E-08-01,,2023-06-30 03:00:00
1115,1115,472,26,379,9,2023-03-27 01:00:00,2023-03-27 07:00:00,C-03-02,,2023-03-27 01:00:00
1116,1116,455,30,407,5,2023-10-15 02:00:00,2023-10-15 09:00:00,E-06-01,,2023-10-15 02:00:00
1117,1117,455,28,204,5,2023-12-01 04:00:00,2023-12-01 11:00:00,E-20-04,,2023-12-01 04:00:00
1118,1118,19,32,316,8,2023-10-07 02:00:00,2023-10-07 09:00:00,D-15-03,,2023-10-07 02:00:00
1119,1119,146,27,316,0,2023-05-03 03:00:00,2023-05-03 06:00:00,C-10-02,,2023-05-03 03:00:00
1120,1120,388,28,457,11,2023-11-23 02:00:00,2023-11-23 04:00:00,B-07-01,,2023-11-23 02:00:00
1121,1121,304,32,421,1,2023-05-26 01:00:00,2023-05-26 06:00:00,E-03-01,,2023-05-26 01:00:00
1122,1122,259,29,182,4,2023-03-05 02:00:00,2023-03-05 09:00:00,C-16-02,,2023-03-05 02:00:00
1123,1123,260,27,279,3,2023-07-01 01:00:00,2023-07-01 04:00:00,D-13-05,,2023-07-01 01:00:00
1124,1124,294,30,462,2,2023-01-07 02:00:00,2023-01-07 08:00:00,D-15-03,,2023-01-07 02:00:00
1125,1125,298,35,229,2,2023-10-20 03:00:00,2023-10-20 11:00:00,B-13-02,,2023-10-20 03:00:00
1126,1126,146,32,301,5,2023-12-12 04:00:00,2023-12-12 11:00:00,E-08-01,,2023-12-12 04:00:00
1127,1127,267,33,471,12,2023-05-13 04:00:00,2023-05-13 06:00:00,D-06-01,,2023-05-13 04:00:00
1128,1128,185,28,474,2,2023-09-21 02:00:00,2023-09-21 05:00:00,A-11-02,,2023-09-21 02:00:00
1129,1129,42,31,293,8,2023-02-23 02:00:00,2023-02-23 09:00:00,B-04-04,,2023-02-23 02:00:00
1130,1130,229,29,351,6,2023-02-18 03:00:00,2023-02-18 07:00:00,E-18-02,,2023-02-18 03:00:00
1131,1131,266,30,221,2,2023-08-25 02:00:00,2023-08-25 06:00:00,C-18-03,,2023-08-25 02:00:00
1132,1132,217,30,424,6,2023-08-17 04:00:00,2023-08-17 12:00:00,B-06-04,,2023-08-17 04:00:00
1133,1133,422,35,298,0,2023-03-31 03:00:00,2023-03-31 08:00:00,C-19-04,,2023-03-31 03:00:00
1134,1134,235,28,491,1,2023-03-31 04:00:00,2023-03-31 12:00:00,A-06-05,,2023-03-31 04:00:00
1135,1135,61,33,66,0,2024-01-05 03:00:00,2024-01-05 07:00:00,E-15-05,,2024-01-05 03:00:00
1136,1136,81,29,358,2,2023-10-16 03:00:00,2023-10-16 06:00:00,E-18-05,,2023-10-16 03:00:00
1137,1137,210,34,70,0,2023-03-08 01:00:00,2023-03-08 04:00:00,C-13-01,,2023-03-08 01:00:00
1138,1138,79,33,205,0,2023-03-15 01:00:00,2023-03-15 06:00:00,E-16-05,,2023-03-15 01:00:00
1139,1139,249,31,451,6,2023-01-19 04:00:00,2023-01-19 10:00:00,B-12-05,,2023-01-19 04:00:00
1140,1140,216,30,195,3,2023-02-15 04:00:00,2023-02-15 05:00:00,A-07-01,,2023-02-15 04:00:00
1141,1141,94,31,58,0,2023-09-16 01:00:00,2023-09-16 07:00:00,A-15-01,,2023-09-16 01:00:00
1142,1142,23,35,224,1,2023-08-12 01:00:00,2023-08-12 02:00:00,B-19-02,,2023-08-12 01:00:00
1143,1143,461,34,477,9,2023-07-19 01:00:00,2023-07-19 06:00:00,B-16-03,,2023-07-19 01:00:00
1144,1144,427,27,308,5,2023-11-10 02:00:00,2023-11-10 03:00:00,E-14-04,,2023-11-10 02:00:00
1145,1145,236,28,493,8,2023-08-20 01:00:00,2023-08-20 03:00:00,B-13-01,,2023-08-20 01:00:00
1146,1146,167,28,248,0,2023-02-20 02:00:00,2023-02-20 04:00:00,D-14-04,,2023-02-20 02:00:00
1147,1147,461,27,393,7,2023-07-28 01:00:00,2023-07-28 03:00:00,A-13-04,,2023-07-28 01:00:00
1148,1148,227,34,412,2,2023-05-29 01:00:00,2023-05-29 02:00:00,D-05-03,,2023-05-29 01:00:00
1149,1149,293,29,337,9,2023-11-21 02:00:00,2023-11-21 06:00:00,A-10-05,,2023-11-21 02:00:00
1150,1150,64,27,366,3,2023-11-27 01:00:00,2023-11-27 04:00:00,D-10-05,,2023-11-27 01:00:00
1151,1151,296,34,146,3,2023-03-01 02:00:00,2023-03-01 04:00:00,A-10-01,,2023-03-01 02:00:00
1152,1152,244,28,387,7,2023-10-21 02:00:00,2023-10-21 08:00:00,A-19-03,,2023-10-21 02:00:00
1153,1153,273,31,452,3,2023-04-21 02:00:00,2023-04-21 03:00:00,E-07-03,,2023-04-21 02:00:00
1154,1154,126,31,93,2,2024-01-06 01:00:00,2024-01-06 02:00:00,B-19-05,,2024-01-06 01:00:00
1155,1155,274,27,301,6,2023-12-05 04:00:00,2023-12-05 05:00:00,A-08-04,,2023-12-05 04:00:00
1156,1156,479,30,262,1,2023-01-21 03:00:00,2023-01-21 09:00:00,E-12-04,,2023-01-21 03:00:00
1157,1157,441,28,96,0,2023-09-30 01:00:00,2023-09-30 06:00:00,A-05-01,,2023-09-30 01:00:00
1158,1158,51,33,137,1,2023-10-09 03:00:00,2023-10-09 06:00:00,D-08-05,,2023-10-09 03:00:00
1159,1159,394,35,397,1,2023-02-21 01:00:00,2023-02-21 09:00:00,A-14-04,,2023-02-21 01:00:00
1160,1160,31,31,63,0,2023-12-13 02:00:00,2023-12-13 07:00:00,E-04-03,,2023-12-13 02:00:00
1161,1161,30,26,122,3,2023-06-06 01:00:00,2023-06-06 05:00:00,C-02-02,,2023-06-06 01:00:00
1162,1162,458,32,76,1,2023-06-20 04:00:00,2023-06-20 12:00:00,E-15-03,,2023-06-20 04:00:00
1163,1163,123,28,223,0,2023-11-11 04:00:00,2023-11-11 10:00:00,C-10-04,,2023-11-11 04:00:00
1164,1164,259,27,56,1,2023-08-27 02:00:00,2023-08-27 07:00:00,D-14-01,,2023-08-27 02:00:00
1165,1165,238,32,64,0,2023-10-15 01:00:00,2023-10-15 03:00:00,A-07-01,,2023-10-15 01:00:00
1166,1166,325,32,187,0,2023-05-10 04:00:00,2023-05-10 09:00:00,A-16-02,,2023-05-10 04:00:00
1167,1167,494,35,440,7,2023-11-09 01:00:00,2023-11-09 07:00:00,D-04-02,,2023-11-09 01:00:00
1168,1168,334,34,278,6,2023-03-20 03:00:00,2023-03-20 04:00:00,D-03-02,,2023-03-20 03:00:00
1169,1169,434,27,241,3,2023-11-26 02:00:00,2023-11-26 03:00:00,D-08-03,,2023-11-26 02:00:00
1170,1170,87,28,306,2,2023-05-20 03:00:00,2023-05-20 11:00:00,C-07-04,,2023-05-20 03:00:00
1171,1171,22,34,384,2,2023-01-27 01:00:00,2023-01-27 08:00:00,B-12-05,,2023-01-27 01:00:00
1172,1172,1,27,189,2,2023-03-14 04:00:00,2023-03-14 09:00:00,D-01-02,,2023-03-14 04:00:00
1173,1173,129,32,481,4,2023-12-24 02:00:00,2023-12-24 09:00:00,B-15-03,,2023-12-24 02:00:00
1174,1174,109,33,56,0,2023-10-29 03:00:00,2023-10-29 05:00:00,E-08-02,,2023-10-29 03:00:00
1175,1175,379,30,95,0,2023-10-25 03:00:00,2023-10-25 10:00:00,D-14-01,,2023-10-25 03:00:00
1176,1176,358,33,421,0,2023-03-11 01:00:00,2023-03-11 03:00:00,A-15-05,,2023-03-11 01:00:00
1177,1177,108,29,399,1,2023-11-16 03:00:00,2023-11-16 04:00:00,A-09-05,,2023-11-16 03:00:00
1178,1178,326,29,189,5,2023-06-03 01:00:00,2023-06-03 06:00:00,E-01-03,,2023-06-03 01:00:00
1179,1179,340,35,356,7,2023-06-23 03:00:00,2023-06-23 06:00:00,A-09-05,,2023-06-23 03:00:00
1180,1180,9,33,361,8,2023-12-22 03:00:00,2023-12-22 11:00:00,D-20-05,,2023-12-22 03:00:00
1181,1181,3,32,334,6,2023-02-01 02:00:00,2023-02-01 10:00:00,E-15-01,,2023-02-01 02:00:00
1182,1182,357,28,325,5,2024-01-04 03:00:00,2024-01-04 05:00:00,D-13-01,,2024-01-04 03:00:00
1183,1183,404,29,476,4,2023-12-02 01:00:00,2023-12-02 09:00:00,D-19-03,,2023-12-02 01:00:00
1184,1184,344,35,466,2,2023-08-26 03:00:00,2023-08-26 10:00:00,B-07-05,,2023-08-26 03:00:00
1185,1185,424,28,479,8,2023-11-10 01:00:00,2023-11-10 09:00:00,A-03-03,,2023-11-10 01:00:00
1186,1186,416,34,266,7,2024-01-28 02:00:00,2024-01-28 03:00:00,B-15-01,,2024-01-28 02:00:00
1187,1187,480,28,430,11,2023-04-11 02:00:00,2023-04-11 04:00:00,A-14-01,,2023-04-11 02:00:00
1188,1188,389,31,148,2,2023-05-26 03:00:00,2023-05-26 05:00:00,E-03-02,,2023-05-26 03:00:00
1189,1189,418,26,169,3,2023-11-15 04:00:00,2023-11-15 07:00:00,A-03-04,,2023-11-15 04:00:00
1190,1190,496,30,410,6,2023-08-01 03:00:00,2023-08-01 04:00:00,A-18-04,,2023-08-01 03:00:00
1191,1191,311,29,106,0,2023-04-23 01:00:00,2023-04-23 09:00:00,C-17-05,,2023-04-23 01:00:00
1192,1192,143,26,332,4,2023-10-28 03:00:00,2023-10-28 11:00:00,A-18-02,,2023-10-28 03:00:00
1193,1193,338,29,58,0,2023-10-24 04:00:00,2023-10-24 10:00:00,D-03-02,,2023-10-24 04:00:00
1194,1194,66,33,317,0,2023-02-11 04:00:00,2023-02-11 06:00:00,A-06-05,,2023-02-11 04:00:00
1195,1195,401,33,404,7,2023-05-23 02:00:00,2023-05-23 09:00:00,E-17-02,,2023-05-23 02:00:00
1196,1196,273,31,51,0,2023-11-14 04:00:00,2023-11-14 05:00:00,C-02-05,,2023-11-14 04:00:00
1197,1197,329,26,487,1,2023-12-22 01:00:00,2023-12-22 08:00:00,A-12-04,,2023-12-22 01:00:00
1198,1198,222,34,303,5,2023-08-01 02:00:00,2023-08-01 05:00:00,D-10-05,,2023-08-01 02:00:00
1199,1199,265,28,74,1,2023-01-25 03:00:00,2023-01-25 05:00:00,D-19-04,,2023-01-25 03:00:00
1200,1200,471,34,52,0,2023-08-09 04:00:00,2023-08-09 09:00:00,E-13-04,,2023-08-09 04:00:00
